,True,Predicted,RF,Total Duplication,Mapped Interval,Predictive Distribution
0,"(((B_1:1.5503539765393965,C_1:1.5503539765393965):0.6309095426579543,(A_2:0.6334963578599846,A_1:0.6334963578599846):1.5477671613373662):0.9689372973738335,(A_4:1.0315079107000866,A_3:1.0315079107000866):2.1186929058710975):0.0;","(((B_1,C_1),(A_1,A_2)),(A_3,A_4));",0,0,11811481168.0,"{'(((B_1,C_1),(A_1,A_2)),(A_3,A_4));': 1.0, '(((B_1,C_1),(A_1,A_3)),(A_2,A_4));': 0.0, '(((B_1,C_1),(A_1,A_4)),(A_2,A_3));': 0.0, '(((B_1,C_1),(A_2,A_3)),(A_1,A_4));': 0.0, '(((B_1,C_1),(A_2,A_4)),(A_1,A_3));': 0.0, '(((B_1,C_1),(A_3,A_4)),(A_1,A_2));': 0.0}"
1,"((B_2:0.692967609676066,B_3:0.692967609676066):1.9600294578771706,(B_1:2.4221417729726222,(A_1:2.3965806720300478,C_1:2.3965806720300478):0.025561100942574255):0.2308552945806146):0.0;","((B_2,B_3),(B_1,(A_1,C_1)));",0,0,114111121313.0,"{'((B_1,B_2),(B_3,(A_1,C_1)));': 0.0, '((B_1,B_3),(B_2,(A_1,C_1)));': 0.0, '((B_2,B_3),(B_1,(A_1,C_1)));': 1.0}"
2,"((A_2:2.050814200864494,(B_2:1.3774145693352557,C_2:1.3774145693352557):0.6733996315292383):1.2363483832429234,((B_1:2.5149000224225477,A_1:2.5149000224225477):0.7125429976721815,C_1:3.2274430200947295):0.05971956401268752):0.0;","((A_2,(B_2,C_2)),((B_1,A_1),C_1));",0,0,111711111311717.0,"{'((A_1,(B_1,C_1)),((B_2,A_2),C_2));': 0.0, '((A_1,(B_1,C_2)),((B_2,A_2),C_1));': 0.0, '((A_1,(B_2,C_1)),((B_1,A_2),C_2));': 0.0, '((A_1,(B_2,C_2)),((B_1,A_2),C_1));': 0.0, '((A_2,(B_1,C_1)),((B_2,A_1),C_2));': 0.0, '((A_2,(B_1,C_2)),((B_2,A_1),C_1));': 0.0, '((A_2,(B_2,C_1)),((B_1,A_1),C_2));': 0.0, '((A_2,(B_2,C_2)),((B_1,A_1),C_1));': 1.0}"
3,"((C_1:1.7747564457384661,(B_2:1.4708507757374978,B_1:1.4708507757374978):0.30390567000096835):1.1747234764262018,A_1:2.9494799221646675):0.0;","((C_1,(B_1,B_2)),A_1);",0,0,11189115.0,"{'((C_1,(B_1,B_2)),A_1);': 1.0}"
4,"(A_1:2.046082162820378,(C_1:1.2991771715019773,B_1:1.2991771715019773):0.7469049913184005):0.0;","(A_1,(C_1,B_1));",0,0,111711.0,"{'(A_1,(C_1,B_1));': 1.0}"
5,"((C_1:2.230621744207454,A_1:2.230621744207454):0.45954468801299714,(B_2:0.8216776511317417,B_1:0.8216776511317417):1.8684887810887094):0.0;","((C_1,A_1),(B_1,B_2));",0,0,111211512.0,"{'((C_1,A_1),(B_1,B_2));': 1.0}"
6,"((C_1:2.00242500059525,(A_2:1.6463890515489856,A_1:1.6463890515489856):0.35603594904626457):0.4800810039070795,B_1:2.4825060045023295):0.0;","((C_1,(A_1,A_2)),B_1);",0,0,111911113.0,"{'((C_1,(A_1,A_2)),B_1);': 1.0}"
7,"(A_1:3.695947127225761,(C_1:1.3813617909838125,B_1:1.3813617909838125):2.314585336241948):0.0;","(A_1,(C_1,B_1));",0,0,111719.0,"{'(A_1,(C_1,B_1));': 1.0}"
8,"(A_1:2.031868618022329,(C_2:1.9240333901670652,(B_1:1.3691087604486232,C_1:1.3691087604486232):0.554924629718442):0.1078352278552639):0.0;","(A_1,(C_2,(B_1,C_1)));",0,0,111171011.0,"{'(A_1,(C_1,(B_1,C_2)));': 0.0, '(A_1,(C_2,(B_1,C_1)));': 1.0}"
9,"(B_1:2.245823543667624,(C_1:2.223246785951268,A_1:2.223246785951268):0.0225767577163558):0.0;","(B_1,(C_1,A_1));",0,0,1111212.0,"{'(B_1,(C_1,A_1));': 1.0}"
10,"(A_1:2.054406885201246,((C_2:1.3992572135153791,C_1:1.3992572135153791):0.41879591623958357,(C_3:1.3880391924360413,B_1:1.3880391924360413):0.43001393731892135):0.23635375544628306):0.0;","(A_1,((C_1,C_2),(C_3,B_1)));",0,0,1117117711.0,"{'(A_1,((C_1,C_2),(C_3,B_1)));': 1.0, '(A_1,((C_1,C_3),(C_2,B_1)));': 0.0, '(A_1,((C_2,C_3),(C_1,B_1)));': 0.0}"
11,"(A_1:2.818549661490473,((C_2:1.059448524857695,B_2:1.059448524857695):1.3679748396606857,(B_1:1.3893386042795892,C_1:1.3893386042795892):1.0380847602387917):0.3911262969720919):0.0;","(A_1,((C_1,B_1),(B_2,C_2)));",0,0,1116117715.0,"{'(A_1,((C_1,B_1),(B_2,C_2)));': 1.0, '(A_1,((C_1,B_2),(B_1,C_2)));': 0.0}"
12,"((A_1:2.019334714689731,(C_2:0.9014843616644745,(C_3:0.48127586338748146,C_1:0.48127586338748146):0.4202084982769931):1.1178503530252566):0.8221323629023466,B_1:2.841467077592078):0.0;","((A_1,(C_2,(C_1,C_3))),B_1);",0,0,11113511115.0,"{'((A_1,(C_1,(C_2,C_3))),B_1);': 0.0, '((A_1,(C_2,(C_1,C_3))),B_1);': 1.0, '((A_1,(C_3,(C_1,C_2))),B_1);': 0.0}"
13,"(C_1:2.6675635879195614,(A_1:2.273124789360654,(C_2:1.527590470914566,B_1:1.527590470914566):0.7455343184460879):0.39443879855890746):0.0;","(C_1,(A_1,(C_2,B_1)));",0,0,111181214.0,"{'(C_1,(A_1,(C_2,B_1)));': 1.0, '(C_2,(A_1,(C_1,B_1)));': 0.0}"
14,"((B_1:1.713241448901493,C_1:1.713241448901493):0.5586871178657731,(A_2:1.9688919594391459,A_1:1.9688919594391459):0.3030366073281201):0.0;","((B_1,C_1),(A_1,A_2));",0,0,119111010.0,"{'((B_1,C_1),(A_1,A_2));': 1.0}"
15,"((C_1:1.6265118253567383,B_1:1.6265118253567383):0.5962079131087392,A_1:2.2227197384654778):0.0;","((C_1,B_1),A_1);",0,0,119112.0,"{'((C_1,B_1),A_1);': 1.0}"
16,"(B_2:3.6649745647127268,((A_1:2.2559511839650477,(B_3:0.6565593960222129,B_1:0.6565593960222129):1.5993917879428348):0.2990933609005324,C_1:2.55504454486558):1.109930019847147):0.0;","(B_2,((A_1,(B_1,B_3)),C_1));",0,0,111141211319.0,"{'(B_1,((A_1,(B_2,B_3)),C_1));': 0.0, '(B_2,((A_1,(B_1,B_3)),C_1));': 1.0, '(B_3,((A_1,(B_1,B_2)),C_1));': 0.0}"
17,"((B_1:1.208507154269839,C_1:1.208507154269839):2.189526641486488,(A_2:1.8426041191209457,A_1:1.8426041191209457):1.5554296766353812):0.0;","((B_1,C_1),(A_1,A_2));",0,0,117111010.0,"{'((B_1,C_1),(A_1,A_2));': 1.0}"
18,"(A_1:2.2457827521007125,(C_1:1.1184254151807143,B_1:1.1184254151807143):1.1273573369199983):0.0;","(A_1,(C_1,B_1));",0,0,111612.0,"{'(A_1,(C_1,B_1));': 1.0}"
19,"((B_2:0.9797928860152509,B_3:0.9797928860152509):4.061191230431277,((B_1:2.0010826621210818,C_1:2.0010826621210818):0.969730774955524,A_1:2.9708134370766057):2.070170679369922):0.0;","((B_2,B_3),((B_1,C_1),A_1));",0,0,115111111515.0,"{'((B_1,B_2),((B_3,C_1),A_1));': 0.0, '((B_1,B_3),((B_2,C_1),A_1));': 0.0, '((B_2,B_3),((B_1,C_1),A_1));': 1.0}"
20,"(C_2:3.0474907218063523,(A_1:2.7406832780439787,(B_1:1.1001306040994216,(C_3:0.3734546895196634,C_1:0.3734546895196634):0.7266759145797583):1.6405526739445573):0.30680744376237357):0.0;","(C_2,(A_1,(B_1,(C_1,C_3))));",0,0,11111261416.0,"{'(C_1,(A_1,(B_1,(C_2,C_3))));': 0.0, '(C_2,(A_1,(B_1,(C_1,C_3))));': 1.0, '(C_3,(A_1,(B_1,(C_1,C_2))));': 0.0}"
21,"(((C_1:1.9929143491796792,(B_2:1.574609606756149,B_1:1.574609606756149):0.4183047424235302):0.25962974731439276,A_1:2.252544096494072):1.171764273674421,(B_4:1.6410886896488979,B_3:1.6410886896488979):1.7832196805195952):0.0;","(((C_1,(B_1,B_2)),A_1),(B_3,B_4));",0,0,11181011211912.0,"{'(((C_1,(B_1,B_2)),A_1),(B_3,B_4));': 1.0, '(((C_1,(B_1,B_3)),A_1),(B_2,B_4));': 0.0, '(((C_1,(B_1,B_4)),A_1),(B_2,B_3));': 0.0, '(((C_1,(B_2,B_3)),A_1),(B_1,B_4));': 0.0, '(((C_1,(B_2,B_4)),A_1),(B_1,B_3));': 0.0, '(((C_1,(B_3,B_4)),A_1),(B_1,B_2));': 0.0}"
22,"((B_1:2.5052854905841455,A_1:2.5052854905841455):2.797266568931343,C_1:5.302552059515488):0.0;","((B_1,A_1),C_1);",0,0,1113127.0,"{'((B_1,A_1),C_1);': 1.0}"
23,"(A_1:3.6414072732269975,((C_2:1.4972084041238216,B_1:1.4972084041238216):0.31189198404412233,(C_3:0.8196304020767039,C_1:0.8196304020767039):0.98946998609124):1.832306885059054):0.0;","(A_1,((C_2,B_1),(C_1,C_3)));",0,0,1118115819.0,"{'(A_1,((C_1,B_1),(C_2,C_3)));': 0.0, '(A_1,((C_2,B_1),(C_1,C_3)));': 1.0, '(A_1,((C_3,B_1),(C_1,C_2)));': 0.0}"
24,"(A_1:2.3153856249965354,(C_2:1.6239805434650658,(B_1:1.4218085094374886,C_1:1.4218085094374886):0.20217203402757722):0.6914050815314694):0.0;","(A_1,(C_2,(B_1,C_1)));",0,0,11118912.0,"{'(A_1,(C_1,(B_1,C_2)));': 0.0, '(A_1,(C_2,(B_1,C_1)));': 1.0}"
25,"(A_1:3.056896395658841,(A_2:2.3989446801793695,(C_1:1.0180810455905083,B_1:1.0180810455905083):1.3808636345888612):0.6579517154794718):0.0;","(A_1,(A_2,(C_1,B_1)));",0,0,111161216.0,"{'(A_1,(A_2,(C_1,B_1)));': 1.0, '(A_2,(A_1,(C_1,B_1)));': 0.0}"
26,"(A_1:2.659036968620854,(C_1:1.3603035324781585,B_1:1.3603035324781585):1.2987334361426957):0.0;","(A_1,(C_1,B_1));",0,0,111714.0,"{'(A_1,(C_1,B_1));': 1.0}"
27,"((A_1:2.0093512672222382,(C_2:1.1338517807050388,C_1:1.1338517807050388):0.8754994865171994):2.0893551393441947,B_1:4.098706406566433):0.0;","((A_1,(C_1,C_2)),B_1);",0,0,111611121.0,"{'((A_1,(C_1,C_2)),B_1);': 1.0}"
28,"((B_1:1.5517583569895221,C_1:1.5517583569895221):1.3729420399673753,(A_2:1.8921909627884212,(A_3:0.45177431369539095,A_1:0.45177431369539095):1.4404166490930304):1.032509434168476):0.0;","((B_1,C_1),(A_2,(A_1,A_3)));",0,0,11811131010.0,"{'((B_1,C_1),(A_1,(A_2,A_3)));': 0.0, '((B_1,C_1),(A_2,(A_1,A_3)));': 1.0, '((B_1,C_1),(A_3,(A_1,A_2)));': 0.0}"
29,"(A_1:2.23491934262434,(B_2:1.9794179744258185,(C_1:1.6768333456901237,(B_3:0.3684950748665177,B_1:0.3684950748665177):1.308338270823606):0.3025846287356948):0.25550136819852165):0.0;","(A_1,(B_2,(C_1,(B_1,B_3))));",0,0,11111291012.0,"{'(A_1,(B_1,(C_1,(B_2,B_3))));': 0.0, '(A_1,(B_2,(C_1,(B_1,B_3))));': 1.0, '(A_1,(B_3,(C_1,(B_1,B_2))));': 0.0}"
30,"(A_1:5.161261555261287,(A_2:2.5859801933424666,(C_1:1.7086025999302605,B_1:1.7086025999302605):0.8773775934122061):2.57528136191882):0.0;","(A_1,(A_2,(C_1,B_1)));",0,0,111191326.0,"{'(A_1,(A_2,(C_1,B_1)));': 1.0, '(A_2,(A_1,(C_1,B_1)));': 0.0}"
31,"((A_2:2.47506340437198,A_3:2.47506340437198):2.4517469225274233,(C_1:3.1250649589610395,(A_1:2.002729655512749,B_1:2.002729655512749):1.1223353034482904):1.8017453679383637):0.0;","((A_2,A_3),(C_1,(A_1,B_1)));",0,0,1113111111616.0,"{'((A_1,A_2),(C_1,(A_3,B_1)));': 0.0, '((A_1,A_3),(C_1,(A_2,B_1)));': 0.0, '((A_2,A_3),(C_1,(A_1,B_1)));': 1.0}"
32,"((A_2:1.5402236038409693,A_1:1.5402236038409693):2.8299721886536924,(A_3:2.504805588749947,(C_1:1.512163621330219,B_1:1.512163621330219):0.9926419674197282):1.8653902037447145):0.0;","((A_1,A_2),(A_3,(C_1,B_1)));",0,0,11811181313.0,"{'((A_1,A_2),(A_3,(C_1,B_1)));': 1.0, '((A_1,A_3),(A_2,(C_1,B_1)));': 0.0, '((A_2,A_3),(A_1,(C_1,B_1)));': 0.0}"
33,"((B_1:1.4886262610409637,C_1:1.4886262610409637):0.7078404589623464,A_1:2.1964667200033103):0.0;","((B_1,C_1),A_1);",0,0,118111.0,"{'((B_1,C_1),A_1);': 1.0}"
34,"(B_2:3.0268133264255583,(B_3:2.9578051826455667,((C_1:1.557253951368054,B_1:1.557253951368054):0.9468328007962747,A_1:2.5040867521643286):0.45371843048123806):0.06900814377999165):0.0;","(B_2,(B_3,((C_1,B_1),A_1)));",0,0,111181131516.0,"{'(B_1,(B_2,((C_1,B_3),A_1)));': 0.0, '(B_1,(B_3,((C_1,B_2),A_1)));': 0.0, '(B_2,(B_1,((C_1,B_3),A_1)));': 0.0, '(B_2,(B_3,((C_1,B_1),A_1)));': 1.0, '(B_3,(B_1,((C_1,B_2),A_1)));': 0.0, '(B_3,(B_2,((C_1,B_1),A_1)));': 0.0}"
35,"((B_1:2.055423293699246,(A_2:1.6062142136190622,A_1:1.6062142136190622):0.4492090800801838):0.2844062176121315,C_1:2.3398295113113776):0.0;","((B_1,(A_1,A_2)),C_1);",0,0,111911112.0,"{'((B_1,(A_1,A_2)),C_1);': 1.0}"
36,"(C_1:2.172474389778391,(A_1:2.1296912889872837,B_1:2.1296912889872837):0.04278310079110768):0.0;","(C_1,(A_1,B_1));",0,0,1111111.0,"{'(C_1,(A_1,B_1));': 1.0}"
37,"((A_2:1.6664537504425252,A_3:1.6664537504425252):1.359791563388065,(B_1:2.394838210205183,(A_1:2.1655092825559117,C_1:2.1655092825559117):0.22932892764927146):0.6314071036254072):0.0;","((A_2,A_3),(B_1,(A_1,C_1)));",0,0,119111111212.0,"{'((A_1,A_2),(B_1,(A_3,C_1)));': 0.0, '((A_1,A_3),(B_1,(A_2,C_1)));': 0.0, '((A_2,A_3),(B_1,(A_1,C_1)));': 1.0}"
38,"(A_1:3.281734634390303,(B_1:1.2708214566796152,((C_2:0.41448132302517743,C_3:0.41448132302517743):0.3545998476204565,C_1:0.769081170645634):0.5017402860339812):2.010913177710688):0.0;","(A_1,(B_1,((C_2,C_3),C_1)));",0,0,1111314717.0,"{'(A_1,(B_1,((C_1,C_2),C_3)));': 0.0, '(A_1,(B_1,((C_1,C_3),C_2)));': 0.0, '(A_1,(B_1,((C_2,C_3),C_1)));': 1.0}"
39,"((C_1:1.0375638089539385,B_1:1.0375638089539385):1.6145651156079937,A_1:2.652128924561932):0.0;","((C_1,B_1),A_1);",0,0,116114.0,"{'((C_1,B_1),A_1);': 1.0}"
40,"(A_1:3.6751603628786906,(B_2:2.292122357792037,(C_1:1.4168682891832445,B_1:1.4168682891832445):0.8752540686087924):1.3830380050866538):0.0;","(A_1,(B_2,(C_1,B_1)));",0,0,111181219.0,"{'(A_1,(B_1,(C_1,B_2)));': 0.0, '(A_1,(B_2,(C_1,B_1)));': 1.0}"
41,"(((A_1:2.1794993537173832,C_1:2.1794993537173832):0.75703375180396,(C_4:2.3848290712511693,B_1:2.3848290712511693):0.5517040342701742):0.02451029367400448,(C_3:2.3525322365014243,(C_2:1.4268971878486756,B_2:1.4268971878486756):0.9256350486527487):0.6085111626939239):0.0;","(((A_1,C_1),(C_4,B_1)),(C_3,(C_2,B_2)));",0,0,1.1111112121118122e+17,"{'(((A_1,C_1),(C_2,B_1)),(C_3,(C_4,B_2)));': 0.0, '(((A_1,C_1),(C_2,B_1)),(C_4,(C_3,B_2)));': 0.0, '(((A_1,C_1),(C_2,B_2)),(C_3,(C_4,B_1)));': 0.0, '(((A_1,C_1),(C_2,B_2)),(C_4,(C_3,B_1)));': 0.0, '(((A_1,C_1),(C_3,B_1)),(C_2,(C_4,B_2)));': 0.0, '(((A_1,C_1),(C_3,B_1)),(C_4,(C_2,B_2)));': 0.0, '(((A_1,C_1),(C_3,B_2)),(C_2,(C_4,B_1)));': 0.0, '(((A_1,C_1),(C_3,B_2)),(C_4,(C_2,B_1)));': 0.0, '(((A_1,C_1),(C_4,B_1)),(C_2,(C_3,B_2)));': 0.0, '(((A_1,C_1),(C_4,B_1)),(C_3,(C_2,B_2)));': 1.0, '(((A_1,C_1),(C_4,B_2)),(C_2,(C_3,B_1)));': 0.0, '(((A_1,C_1),(C_4,B_2)),(C_3,(C_2,B_1)));': 0.0, '(((A_1,C_2),(C_1,B_1)),(C_3,(C_4,B_2)));': 0.0, '(((A_1,C_2),(C_1,B_1)),(C_4,(C_3,B_2)));': 0.0, '(((A_1,C_2),(C_1,B_2)),(C_3,(C_4,B_1)));': 0.0, '(((A_1,C_2),(C_1,B_2)),(C_4,(C_3,B_1)));': 0.0, '(((A_1,C_2),(C_3,B_1)),(C_1,(C_4,B_2)));': 0.0, '(((A_1,C_2),(C_3,B_1)),(C_4,(C_1,B_2)));': 0.0, '(((A_1,C_2),(C_3,B_2)),(C_1,(C_4,B_1)));': 0.0, '(((A_1,C_2),(C_3,B_2)),(C_4,(C_1,B_1)));': 0.0, '(((A_1,C_2),(C_4,B_1)),(C_1,(C_3,B_2)));': 0.0, '(((A_1,C_2),(C_4,B_1)),(C_3,(C_1,B_2)));': 0.0, '(((A_1,C_2),(C_4,B_2)),(C_1,(C_3,B_1)));': 0.0, '(((A_1,C_2),(C_4,B_2)),(C_3,(C_1,B_1)));': 0.0, '(((A_1,C_3),(C_1,B_1)),(C_2,(C_4,B_2)));': 0.0, '(((A_1,C_3),(C_1,B_1)),(C_4,(C_2,B_2)));': 0.0, '(((A_1,C_3),(C_1,B_2)),(C_2,(C_4,B_1)));': 0.0, '(((A_1,C_3),(C_1,B_2)),(C_4,(C_2,B_1)));': 0.0, '(((A_1,C_3),(C_2,B_1)),(C_1,(C_4,B_2)));': 0.0, '(((A_1,C_3),(C_2,B_1)),(C_4,(C_1,B_2)));': 0.0, '(((A_1,C_3),(C_2,B_2)),(C_1,(C_4,B_1)));': 0.0, '(((A_1,C_3),(C_2,B_2)),(C_4,(C_1,B_1)));': 0.0, '(((A_1,C_3),(C_4,B_1)),(C_1,(C_2,B_2)));': 0.0, '(((A_1,C_3),(C_4,B_1)),(C_2,(C_1,B_2)));': 0.0, '(((A_1,C_3),(C_4,B_2)),(C_1,(C_2,B_1)));': 0.0, '(((A_1,C_3),(C_4,B_2)),(C_2,(C_1,B_1)));': 0.0, '(((A_1,C_4),(C_1,B_1)),(C_2,(C_3,B_2)));': 0.0, '(((A_1,C_4),(C_1,B_1)),(C_3,(C_2,B_2)));': 0.0, '(((A_1,C_4),(C_1,B_2)),(C_2,(C_3,B_1)));': 0.0, '(((A_1,C_4),(C_1,B_2)),(C_3,(C_2,B_1)));': 0.0, '(((A_1,C_4),(C_2,B_1)),(C_1,(C_3,B_2)));': 0.0, '(((A_1,C_4),(C_2,B_1)),(C_3,(C_1,B_2)));': 0.0, '(((A_1,C_4),(C_2,B_2)),(C_1,(C_3,B_1)));': 0.0, '(((A_1,C_4),(C_2,B_2)),(C_3,(C_1,B_1)));': 0.0, '(((A_1,C_4),(C_3,B_1)),(C_1,(C_2,B_2)));': 0.0, '(((A_1,C_4),(C_3,B_1)),(C_2,(C_1,B_2)));': 0.0, '(((A_1,C_4),(C_3,B_2)),(C_1,(C_2,B_1)));': 0.0, '(((A_1,C_4),(C_3,B_2)),(C_2,(C_1,B_1)));': 0.0}"
42,"((B_2:2.0634393378063383,C_2:2.0634393378063383):1.5140616120660884,(B_1:3.5432533097920507,(A_1:2.580933784076488,(B_3:1.9996888835889295,(B_4:1.6503935686730542,C_1:1.6503935686730542):0.3492953149158753):0.5812449004875586):0.9623195257155627):0.03424764008037595):0.0;","((B_2,C_2),(B_1,(A_1,(B_3,(B_4,C_1)))));",0,0,1.1111111191013182e+17,"{'((B_1,C_1),(B_2,(A_1,(B_3,(B_4,C_2)))));': 0.0, '((B_1,C_1),(B_2,(A_1,(B_4,(B_3,C_2)))));': 0.0, '((B_1,C_1),(B_3,(A_1,(B_2,(B_4,C_2)))));': 0.0, '((B_1,C_1),(B_3,(A_1,(B_4,(B_2,C_2)))));': 0.0, '((B_1,C_1),(B_4,(A_1,(B_2,(B_3,C_2)))));': 0.0, '((B_1,C_1),(B_4,(A_1,(B_3,(B_2,C_2)))));': 0.0, '((B_1,C_2),(B_2,(A_1,(B_3,(B_4,C_1)))));': 0.0, '((B_1,C_2),(B_2,(A_1,(B_4,(B_3,C_1)))));': 0.0, '((B_1,C_2),(B_3,(A_1,(B_2,(B_4,C_1)))));': 0.0, '((B_1,C_2),(B_3,(A_1,(B_4,(B_2,C_1)))));': 0.0, '((B_1,C_2),(B_4,(A_1,(B_2,(B_3,C_1)))));': 0.0, '((B_1,C_2),(B_4,(A_1,(B_3,(B_2,C_1)))));': 0.0, '((B_2,C_1),(B_1,(A_1,(B_3,(B_4,C_2)))));': 0.0, '((B_2,C_1),(B_1,(A_1,(B_4,(B_3,C_2)))));': 0.0, '((B_2,C_1),(B_3,(A_1,(B_1,(B_4,C_2)))));': 0.0, '((B_2,C_1),(B_3,(A_1,(B_4,(B_1,C_2)))));': 0.0, '((B_2,C_1),(B_4,(A_1,(B_1,(B_3,C_2)))));': 0.0, '((B_2,C_1),(B_4,(A_1,(B_3,(B_1,C_2)))));': 0.0, '((B_2,C_2),(B_1,(A_1,(B_3,(B_4,C_1)))));': 1.0, '((B_2,C_2),(B_1,(A_1,(B_4,(B_3,C_1)))));': 0.0, '((B_2,C_2),(B_3,(A_1,(B_1,(B_4,C_1)))));': 0.0, '((B_2,C_2),(B_3,(A_1,(B_4,(B_1,C_1)))));': 0.0, '((B_2,C_2),(B_4,(A_1,(B_1,(B_3,C_1)))));': 0.0, '((B_2,C_2),(B_4,(A_1,(B_3,(B_1,C_1)))));': 0.0, '((B_3,C_1),(B_1,(A_1,(B_2,(B_4,C_2)))));': 0.0, '((B_3,C_1),(B_1,(A_1,(B_4,(B_2,C_2)))));': 0.0, '((B_3,C_1),(B_2,(A_1,(B_1,(B_4,C_2)))));': 0.0, '((B_3,C_1),(B_2,(A_1,(B_4,(B_1,C_2)))));': 0.0, '((B_3,C_1),(B_4,(A_1,(B_1,(B_2,C_2)))));': 0.0, '((B_3,C_1),(B_4,(A_1,(B_2,(B_1,C_2)))));': 0.0, '((B_3,C_2),(B_1,(A_1,(B_2,(B_4,C_1)))));': 0.0, '((B_3,C_2),(B_1,(A_1,(B_4,(B_2,C_1)))));': 0.0, '((B_3,C_2),(B_2,(A_1,(B_1,(B_4,C_1)))));': 0.0, '((B_3,C_2),(B_2,(A_1,(B_4,(B_1,C_1)))));': 0.0, '((B_3,C_2),(B_4,(A_1,(B_1,(B_2,C_1)))));': 0.0, '((B_3,C_2),(B_4,(A_1,(B_2,(B_1,C_1)))));': 0.0, '((B_4,C_1),(B_1,(A_1,(B_2,(B_3,C_2)))));': 0.0, '((B_4,C_1),(B_1,(A_1,(B_3,(B_2,C_2)))));': 0.0, '((B_4,C_1),(B_2,(A_1,(B_1,(B_3,C_2)))));': 0.0, '((B_4,C_1),(B_2,(A_1,(B_3,(B_1,C_2)))));': 0.0, '((B_4,C_1),(B_3,(A_1,(B_1,(B_2,C_2)))));': 0.0, '((B_4,C_1),(B_3,(A_1,(B_2,(B_1,C_2)))));': 0.0, '((B_4,C_2),(B_1,(A_1,(B_2,(B_3,C_1)))));': 0.0, '((B_4,C_2),(B_1,(A_1,(B_3,(B_2,C_1)))));': 0.0, '((B_4,C_2),(B_2,(A_1,(B_1,(B_3,C_1)))));': 0.0, '((B_4,C_2),(B_2,(A_1,(B_3,(B_1,C_1)))));': 0.0, '((B_4,C_2),(B_3,(A_1,(B_1,(B_2,C_1)))));': 0.0, '((B_4,C_2),(B_3,(A_1,(B_2,(B_1,C_1)))));': 0.0}"
43,"(C_2:3.1639021596281682,(A_1:2.1304957235266433,(C_1:1.1878973707021663,B_1:1.1878973707021663):0.9425983528244771):1.033406436101525):0.0;","(C_2,(A_1,(C_1,B_1)));",0,0,111161116.0,"{'(C_1,(A_1,(C_2,B_1)));': 0.0, '(C_2,(A_1,(C_1,B_1)));': 1.0}"
44,"((B_1:1.1873176502816873,(C_1:1.1419212155102094,(B_3:0.7523391924551768,B_2:0.7523391924551768):0.38958202305503264):0.04539643477147792):1.7590853508754134,A_1:2.9464030011571003):0.0;","((B_1,(C_1,(B_2,B_3))),A_1);",0,0,1111466115.0,"{'((B_1,(C_1,(B_2,B_3))),A_1);': 1.0, '((B_2,(C_1,(B_1,B_3))),A_1);': 0.0, '((B_3,(C_1,(B_1,B_2))),A_1);': 0.0}"
45,"((B_1:1.0357092254610436,C_1:1.0357092254610436):2.5168681335949596,A_1:3.552577359056003):0.0;","((B_1,C_1),A_1);",0,0,116118.0,"{'((B_1,C_1),A_1);': 1.0}"
46,"((A_1:2.2505374606814095,(B_1:1.3442453676078143,C_1:1.3442453676078143):0.9062920930735954):6.185481980100039,(C_3:0.20366064474506945,C_2:0.20366064474506945):8.23235879603638):0.0;","((A_1,(B_1,C_1)),(C_2,C_3));",0,0,11171211212.0,"{'((A_1,(B_1,C_1)),(C_2,C_3));': 1.0, '((A_1,(B_1,C_2)),(C_1,C_3));': 0.0, '((A_1,(B_1,C_3)),(C_1,C_2));': 0.0}"
47,"((C_2:1.0600754953763833,B_2:1.0600754953763833):1.3629203263162577,((C_1:1.3957556700164075,(B_3:0.5610099081762656,B_1:0.5610099081762656):0.8347457618401419):0.9657747058936896,A_1:2.361530375910097):0.061465445782544315):0.0;","((C_2,B_2),((C_1,(B_1,B_3)),A_1));",0,0,1161113711212.0,"{'((C_1,B_1),((C_2,(B_2,B_3)),A_1));': 0.0, '((C_1,B_2),((C_2,(B_1,B_3)),A_1));': 0.0, '((C_1,B_3),((C_2,(B_1,B_2)),A_1));': 0.0, '((C_2,B_1),((C_1,(B_2,B_3)),A_1));': 0.0, '((C_2,B_2),((C_1,(B_1,B_3)),A_1));': 1.0, '((C_2,B_3),((C_1,(B_1,B_2)),A_1));': 0.0}"
48,"((B_1:1.3802465689394618,C_1:1.3802465689394618):0.7681321052482643,A_1:2.148378674187726):0.0;","((B_1,C_1),A_1);",0,0,117111.0,"{'((B_1,C_1),A_1);': 1.0}"
49,"(A_2:8.815124263556857,(A_1:2.8398977618261307,(C_1:1.3502782520941845,B_1:1.3502782520941845):1.4896195097319462):5.9752265017307264):0.0;","(A_2,(A_1,(C_1,B_1)));",0,0,111171545.0,"{'(A_1,(A_2,(C_1,B_1)));': 0.0, '(A_2,(A_1,(C_1,B_1)));': 1.0}"
50,"((B_1:1.291425887507703,C_1:1.291425887507703):0.9246138156644432,((A_2:0.35882470880366335,A_3:0.35882470880366335):1.2777143326211402,A_1:1.6365390414248036):0.5795006617473426):0.0;","((B_1,C_1),((A_2,A_3),A_1));",0,0,117112199.0,"{'((B_1,C_1),((A_1,A_2),A_3));': 0.0, '((B_1,C_1),((A_1,A_3),A_2));': 0.0, '((B_1,C_1),((A_2,A_3),A_1));': 1.0}"
51,"((B_1:1.3060933681580975,(C_2:1.1945622798999411,(C_3:0.24643690200700746,C_1:0.24643690200700746):0.9481253778929337):0.11153108825815639):0.8580876116316434,A_1:2.164180979789741):0.0;","((B_1,(C_2,(C_1,C_3))),A_1);",0,0,1111267111.0,"{'((B_1,(C_1,(C_2,C_3))),A_1);': 0.0, '((B_1,(C_2,(C_1,C_3))),A_1);': 1.0, '((B_1,(C_3,(C_1,C_2))),A_1);': 0.0}"
52,"(((C_1:1.5758083609080984,B_1:1.5758083609080984):0.667651373695773,A_1:2.243459734603871):1.4971583418984746,(B_3:1.9766946186782557,(B_2:1.0522716145801383,C_2:1.0522716145801383):0.9244230040981174):1.7639234578240908):0.0;","(((C_1,B_1),A_1),(B_3,(B_2,C_2)));",0,0,11811211161012.0,"{'(((C_1,B_1),A_1),(B_2,(B_3,C_2)));': 0.0, '(((C_1,B_1),A_1),(B_3,(B_2,C_2)));': 1.0, '(((C_1,B_2),A_1),(B_1,(B_3,C_2)));': 0.0, '(((C_1,B_2),A_1),(B_3,(B_1,C_2)));': 0.0, '(((C_1,B_3),A_1),(B_1,(B_2,C_2)));': 0.0, '(((C_1,B_3),A_1),(B_2,(B_1,C_2)));': 0.0, '(((C_2,B_1),A_1),(B_2,(B_3,C_1)));': 0.0, '(((C_2,B_1),A_1),(B_3,(B_2,C_1)));': 0.0, '(((C_2,B_2),A_1),(B_1,(B_3,C_1)));': 0.0, '(((C_2,B_2),A_1),(B_3,(B_1,C_1)));': 0.0, '(((C_2,B_3),A_1),(B_1,(B_2,C_1)));': 0.0, '(((C_2,B_3),A_1),(B_2,(B_1,C_1)));': 0.0}"
53,"((B_1:1.6244237902797891,C_1:1.6244237902797891):0.4179065684535856,((A_2:0.6723615359025068,A_3:0.6723615359025068):1.077300058070878,A_1:1.7496615939733848):0.29266876475998993):0.0;","((B_1,C_1),((A_2,A_3),A_1));",0,0,119114199.0,"{'((B_1,C_1),((A_1,A_2),A_3));': 0.0, '((B_1,C_1),((A_1,A_3),A_2));': 0.0, '((B_1,C_1),((A_2,A_3),A_1));': 1.0}"
54,"((B_1:2.2384637314916787,C_1:2.2384637314916787):0.42020234583265503,(B_2:2.3897058396091864,A_1:2.3897058396091864):0.26896023771514743):0.0;","((B_1,C_1),(B_2,A_1));",0,0,1112111212.0,"{'((B_1,C_1),(B_2,A_1));': 1.0, '((B_2,C_1),(B_1,A_1));': 0.0}"
55,"((A_2:0.8798836593372775,A_3:0.8798836593372775):2.4258205386792975,((C_1:1.7779622583575996,B_1:1.7779622583575996):0.6807650513786752,A_1:2.4587273097362745):0.8469768882803006):0.0;","((A_2,A_3),((C_1,B_1),A_1));",0,0,11511911313.0,"{'((A_1,A_2),((C_1,B_1),A_3));': 0.0, '((A_1,A_3),((C_1,B_1),A_2));': 0.0, '((A_2,A_3),((C_1,B_1),A_1));': 1.0}"
56,"((B_1:1.1701611703103776,C_1:1.1701611703103776):1.6713853182568594,(A_2:0.8863512504689576,A_1:0.8863512504689576):1.955195238098279):0.0;","((B_1,C_1),(A_1,A_2));",0,0,1161156.0,"{'((B_1,C_1),(A_1,A_2));': 1.0}"
57,"((B_1:1.0081228309490184,C_1:1.0081228309490184):1.1787381995358106,(A_2:1.0160945697471306,A_1:1.0160945697471306):1.1707664607376986):0.0;","((B_1,C_1),(A_1,A_2));",0,0,1161166.0,"{'((B_1,C_1),(A_1,A_2));': 1.0}"
58,"(A_1:3.648626527029818,(C_1:1.04145280533077,B_1:1.04145280533077):2.6071737216990485):0.0;","(A_1,(C_1,B_1));",0,0,111619.0,"{'(A_1,(C_1,B_1));': 1.0}"
59,"((A_1:2.474830264087074,(C_2:1.2551412351491178,C_1:1.2551412351491178):1.219689028937956):0.2274394652498742,B_1:2.702269729336948):0.0;","((A_1,(C_1,C_2)),B_1);",0,0,111713114.0,"{'((A_1,(C_1,C_2)),B_1);': 1.0}"
60,"(A_1:2.1719365555127244,(C_1:1.2579682705486979,B_1:1.2579682705486979):0.9139682849640263):0.0;","(A_1,(C_1,B_1));",0,0,111711.0,"{'(A_1,(C_1,B_1));': 1.0}"
61,"(A_1:2.2844421899818728,((B_1:1.3701436426820284,C_1:1.3701436426820284):0.5140919624005711,(B_3:0.8341712933940401,B_2:0.8341712933940401):1.0500643116885593):0.4002065848992733):0.0;","(A_1,((B_1,C_1),(B_2,B_3)));",0,0,1117115712.0,"{'(A_1,((B_1,C_1),(B_2,B_3)));': 1.0, '(A_1,((B_2,C_1),(B_1,B_3)));': 0.0, '(A_1,((B_3,C_1),(B_1,B_2)));': 0.0}"
62,"(A_1:2.6888590673984556,(C_1:1.2168257428112563,B_1:1.2168257428112563):1.4720333245871995):0.0;","(A_1,(C_1,B_1));",0,0,111714.0,"{'(A_1,(C_1,B_1));': 1.0}"
63,"((C_1:1.326552676643436,(B_2:1.3196855622029389,B_1:1.3196855622029389):0.006867114440497035):0.7655340486147849,A_1:2.092086725258221):0.0;","((C_1,(B_1,B_2)),A_1);",0,0,11177111.0,"{'((C_1,(B_1,B_2)),A_1);': 1.0}"
64,"(A_1:2.2892842084596308,((C_1:1.2311792576662597,B_1:1.2311792576662597):0.6219805469389164,(C_3:0.9291944002340969,C_2:0.9291944002340969):0.9239654043710791):0.43612440385445495):0.0;","(A_1,((C_1,B_1),(C_2,C_3)));",0,0,1117115712.0,"{'(A_1,((C_1,B_1),(C_2,C_3)));': 1.0, '(A_1,((C_2,B_1),(C_1,C_3)));': 0.0, '(A_1,((C_3,B_1),(C_1,C_2)));': 0.0}"
65,"((A_1:2.547397288673059,(C_1:1.4527692279169222,B_1:1.4527692279169222):1.0946280607561367):1.6210961383894675,(A_2:0.9669274168548324,(A_4:0.05861343426054723,A_3:0.05861343426054723):0.9083139825942852):3.201566010207694):0.0;","((A_1,(C_1,B_1)),(A_2,(A_3,A_4)));",0,0,1118131111513.0,"{'((A_1,(C_1,B_1)),(A_2,(A_3,A_4)));': 1.0, '((A_1,(C_1,B_1)),(A_3,(A_2,A_4)));': 0.0, '((A_1,(C_1,B_1)),(A_4,(A_2,A_3)));': 0.0, '((A_2,(C_1,B_1)),(A_1,(A_3,A_4)));': 0.0, '((A_2,(C_1,B_1)),(A_3,(A_1,A_4)));': 0.0, '((A_2,(C_1,B_1)),(A_4,(A_1,A_3)));': 0.0, '((A_3,(C_1,B_1)),(A_1,(A_2,A_4)));': 0.0, '((A_3,(C_1,B_1)),(A_2,(A_1,A_4)));': 0.0, '((A_3,(C_1,B_1)),(A_4,(A_1,A_2)));': 0.0, '((A_4,(C_1,B_1)),(A_1,(A_2,A_3)));': 0.0, '((A_4,(C_1,B_1)),(A_2,(A_1,A_3)));': 0.0, '((A_4,(C_1,B_1)),(A_3,(A_1,A_2)));': 0.0}"
66,"((C_1:2.916170914759402,B_1:2.916170914759402):1.707685537343192,A_1:4.623856452102594):0.0;","((C_1,B_1),A_1);",0,0,1115124.0,"{'((C_1,B_1),A_1);': 1.0}"
67,"(A_1:2.5136905839818304,(B_2:1.806835793382078,(C_1:1.450920962737646,B_1:1.450920962737646):0.35591483064443197):0.7068547905997524):0.0;","(A_1,(B_2,(C_1,B_1)));",0,0,111181013.0,"{'(A_1,(B_1,(C_1,B_2)));': 0.0, '(A_1,(B_2,(C_1,B_1)));': 1.0}"
68,"((C_1:1.0881680873840291,B_1:1.0881680873840291):1.1813939084765568,A_1:2.269561995860586):0.0;","((C_1,B_1),A_1);",0,0,116112.0,"{'((C_1,B_1),A_1);': 1.0}"
69,"((C_1:1.4424929433691354,(B_2:0.7631992543513026,B_1:0.7631992543513026):0.6792936890178327):1.097792809980537,A_1:2.5402857533496723):0.0;","((C_1,(B_1,B_2)),A_1);",0,0,11148113.0,"{'((C_1,(B_1,B_2)),A_1);': 1.0}"
70,"((B_1:1.4682387775161985,C_1:1.4682387775161985):1.7865116079837446,((A_2:1.7682686052327878,(A_4:1.0135951387314923,A_3:1.0135951387314923):0.7546734665012955):0.8930433822242594,A_1:2.6613119874570472):0.5934383980428959):0.0;","((B_1,C_1),((A_2,(A_3,A_4)),A_1));",0,0,1181116911414.0,"{'((B_1,C_1),((A_1,(A_2,A_3)),A_4));': 0.0, '((B_1,C_1),((A_1,(A_2,A_4)),A_3));': 0.0, '((B_1,C_1),((A_1,(A_3,A_4)),A_2));': 0.0, '((B_1,C_1),((A_2,(A_1,A_3)),A_4));': 0.0, '((B_1,C_1),((A_2,(A_1,A_4)),A_3));': 0.0, '((B_1,C_1),((A_2,(A_3,A_4)),A_1));': 1.0, '((B_1,C_1),((A_3,(A_1,A_2)),A_4));': 0.0, '((B_1,C_1),((A_3,(A_1,A_4)),A_2));': 0.0, '((B_1,C_1),((A_3,(A_2,A_4)),A_1));': 0.0, '((B_1,C_1),((A_4,(A_1,A_2)),A_3));': 0.0, '((B_1,C_1),((A_4,(A_1,A_3)),A_2));': 0.0, '((B_1,C_1),((A_4,(A_2,A_3)),A_1));': 0.0}"
71,"((C_2:0.9609505858425993,C_3:0.9609505858425993):2.7387452883985426,((B_1:1.331040223295283,C_1:1.331040223295283):1.180186810205739,A_1:2.511227033501022):1.18846884074012):0.0;","((C_2,C_3),((B_1,C_1),A_1));",0,0,11511711313.0,"{'((C_1,C_2),((B_1,C_3),A_1));': 0.0, '((C_1,C_3),((B_1,C_2),A_1));': 0.0, '((C_2,C_3),((B_1,C_1),A_1));': 1.0}"
72,"(A_1:3.341442216101626,((A_2:2.4820865265347356,(B_3:2.4769682465540144,(C_2:1.5177174184996818,B_2:1.5177174184996818):0.9592508280543326):0.005118279980721008):0.66490121190347,(C_1:1.6467788771666354,B_1:1.6467788771666354):1.50020886127157):0.19445447766342072):0.0;","(A_1,((A_2,(B_3,(C_2,B_2))),(C_1,B_1)));",0,0,1.1111813131191316e+16,"{'(A_1,((A_2,(B_1,(C_1,B_2))),(C_2,B_3)));': 0.0, '(A_1,((A_2,(B_1,(C_1,B_3))),(C_2,B_2)));': 0.0, '(A_1,((A_2,(B_1,(C_2,B_2))),(C_1,B_3)));': 0.0, '(A_1,((A_2,(B_1,(C_2,B_3))),(C_1,B_2)));': 0.0, '(A_1,((A_2,(B_2,(C_1,B_1))),(C_2,B_3)));': 0.0, '(A_1,((A_2,(B_2,(C_1,B_3))),(C_2,B_1)));': 0.0, '(A_1,((A_2,(B_2,(C_2,B_1))),(C_1,B_3)));': 0.0, '(A_1,((A_2,(B_2,(C_2,B_3))),(C_1,B_1)));': 0.0, '(A_1,((A_2,(B_3,(C_1,B_1))),(C_2,B_2)));': 0.0, '(A_1,((A_2,(B_3,(C_1,B_2))),(C_2,B_1)));': 0.0, '(A_1,((A_2,(B_3,(C_2,B_1))),(C_1,B_2)));': 0.0, '(A_1,((A_2,(B_3,(C_2,B_2))),(C_1,B_1)));': 1.0, '(A_2,((A_1,(B_1,(C_1,B_2))),(C_2,B_3)));': 0.0, '(A_2,((A_1,(B_1,(C_1,B_3))),(C_2,B_2)));': 0.0, '(A_2,((A_1,(B_1,(C_2,B_2))),(C_1,B_3)));': 0.0, '(A_2,((A_1,(B_1,(C_2,B_3))),(C_1,B_2)));': 0.0, '(A_2,((A_1,(B_2,(C_1,B_1))),(C_2,B_3)));': 0.0, '(A_2,((A_1,(B_2,(C_1,B_3))),(C_2,B_1)));': 0.0, '(A_2,((A_1,(B_2,(C_2,B_1))),(C_1,B_3)));': 0.0, '(A_2,((A_1,(B_2,(C_2,B_3))),(C_1,B_1)));': 0.0, '(A_2,((A_1,(B_3,(C_1,B_1))),(C_2,B_2)));': 0.0, '(A_2,((A_1,(B_3,(C_1,B_2))),(C_2,B_1)));': 0.0, '(A_2,((A_1,(B_3,(C_2,B_1))),(C_1,B_2)));': 0.0, '(A_2,((A_1,(B_3,(C_2,B_2))),(C_1,B_1)));': 0.0}"
73,"((C_2:2.278910060150826,B_2:2.278910060150826):0.5666132198897305,((B_1:2.5205246178008833,A_1:2.5205246178008833):0.09287412127525964,(C_3:2.562800710409742,C_1:2.562800710409742):0.050598028666401174):0.23212454096441304):0.0;","((C_2,B_2),((B_1,A_1),(C_1,C_3)));",0,0,1112111311131313.0,"{'((C_1,B_1),((B_2,A_1),(C_2,C_3)));': 0.0, '((C_1,B_2),((B_1,A_1),(C_2,C_3)));': 0.0, '((C_2,B_1),((B_2,A_1),(C_1,C_3)));': 0.0, '((C_2,B_2),((B_1,A_1),(C_1,C_3)));': 1.0, '((C_3,B_1),((B_2,A_1),(C_1,C_2)));': 0.0, '((C_3,B_2),((B_1,A_1),(C_1,C_2)));': 0.0}"
74,"((C_1:1.4494366085049177,B_1:1.4494366085049177):0.7613220627982725,(A_2:1.324917448043893,A_1:1.324917448043893):0.8858412232592972):0.0;","((C_1,B_1),(A_1,A_2));",0,0,1181178.0,"{'((C_1,B_1),(A_1,A_2));': 1.0}"
75,"((A_2:3.3679915632463056,(B_1:2.443491969509243,(A_1:2.419341308442624,C_1:2.419341308442624):0.02415066106661889):0.9244995937370626):1.7988864388118637,(A_4:2.748950561516228,A_3:2.748950561516228):2.4179274405419413):0.0;","((A_2,(B_1,(A_1,C_1))),(A_3,A_4));",0,0,1111131317111417.0,"{'((A_1,(B_1,(A_2,C_1))),(A_3,A_4));': 0.0, '((A_1,(B_1,(A_3,C_1))),(A_2,A_4));': 0.0, '((A_1,(B_1,(A_4,C_1))),(A_2,A_3));': 0.0, '((A_2,(B_1,(A_1,C_1))),(A_3,A_4));': 1.0, '((A_2,(B_1,(A_3,C_1))),(A_1,A_4));': 0.0, '((A_2,(B_1,(A_4,C_1))),(A_1,A_3));': 0.0, '((A_3,(B_1,(A_1,C_1))),(A_2,A_4));': 0.0, '((A_3,(B_1,(A_2,C_1))),(A_1,A_4));': 0.0, '((A_3,(B_1,(A_4,C_1))),(A_1,A_2));': 0.0, '((A_4,(B_1,(A_1,C_1))),(A_2,A_3));': 0.0, '((A_4,(B_1,(A_2,C_1))),(A_1,A_3));': 0.0, '((A_4,(B_1,(A_3,C_1))),(A_1,A_2));': 0.0}"
76,"((A_2:2.573780784487999,(C_2:1.391156834077002,B_2:1.391156834077002):1.1826239504109974):0.43452503754150973,(A_1:2.621692411764829,(B_1:1.8020514652450657,C_1:1.8020514652450657):0.819640946519763):0.3866134102646801):0.0;","((A_1,(C_1,B_1)),(A_2,(B_2,C_2)));",0,0,111713111101414.0,"{'((A_1,(C_1,B_1)),(A_2,(B_2,C_2)));': 1.0, '((A_1,(C_1,B_2)),(A_2,(B_1,C_2)));': 0.0, '((A_1,(C_2,B_1)),(A_2,(B_2,C_1)));': 0.0, '((A_1,(C_2,B_2)),(A_2,(B_1,C_1)));': 0.0}"
77,"((B_1:1.2675574182680682,C_1:1.2675574182680682):1.1051252551892026,(A_2:0.35808961712250265,A_1:0.35808961712250265):2.014593056334768):0.0;","((B_1,C_1),(A_1,A_2));",0,0,1171127.0,"{'((B_1,C_1),(A_1,A_2));': 1.0}"
78,"((A_2:3.2560737667421966,(C_1:2.2076760708501673,B_1:2.2076760708501673):1.0483976958920294):0.022872200658629938,(A_3:1.5135414594052627,A_1:1.5135414594052627):1.7654045079955636):0.0;","((A_2,(C_1,B_1)),(A_1,A_3));",0,0,111121711817.0,"{'((A_1,(C_1,B_1)),(A_2,A_3));': 0.0, '((A_2,(C_1,B_1)),(A_1,A_3));': 1.0, '((A_3,(C_1,B_1)),(A_1,A_2));': 0.0}"
79,"((C_1:2.0423135930919716,A_1:2.0423135930919716):0.41589500020269593,(B_2:0.41155047380794946,B_1:0.41155047380794946):2.046658119486718):0.0;","((C_1,A_1),(B_1,B_2));",0,0,111111311.0,"{'((C_1,A_1),(B_1,B_2));': 1.0}"
80,"(B_2:3.54510109058658,(A_1:3.4787666120179868,(B_3:1.0824494762059067,(B_1:1.0663145011605528,C_1:1.0663145011605528):0.016134975045353883):2.3963171358120805):0.06633447856859265):0.0;","(B_2,(A_1,(B_3,(B_1,C_1))));",0,0,11111661818.0,"{'(B_1,(A_1,(B_2,(B_3,C_1))));': 0.0, '(B_1,(A_1,(B_3,(B_2,C_1))));': 0.0, '(B_2,(A_1,(B_1,(B_3,C_1))));': 0.0, '(B_2,(A_1,(B_3,(B_1,C_1))));': 1.0, '(B_3,(A_1,(B_1,(B_2,C_1))));': 0.0, '(B_3,(A_1,(B_2,(B_1,C_1))));': 0.0}"
81,"((C_1:2.3087424643420205,A_1:2.3087424643420205):3.073271161766081,B_1:5.382013626108101):0.0;","((C_1,A_1),B_1);",0,0,1112127.0,"{'((C_1,A_1),B_1);': 1.0}"
82,"(B_1:2.8852994702886394,(A_1:2.043982764962655,(B_2:1.6833902742044464,C_1:1.6833902742044464):0.36059249075820876):0.8413167053259842):0.0;","(B_1,(A_1,(B_2,C_1)));",0,0,111191115.0,"{'(B_1,(A_1,(B_2,C_1)));': 1.0, '(B_2,(A_1,(B_1,C_1)));': 0.0}"
83,"((C_1:2.009065121460843,B_1:2.009065121460843):0.21022359597164203,(A_3:1.6841444963396874,(A_2:1.506795471547135,A_1:1.506795471547135):0.17734902479255243):0.5351442210927972):0.0;","((C_1,B_1),(A_3,(A_1,A_2)));",0,0,11111118911.0,"{'((C_1,B_1),(A_1,(A_2,A_3)));': 0.0, '((C_1,B_1),(A_2,(A_1,A_3)));': 0.0, '((C_1,B_1),(A_3,(A_1,A_2)));': 1.0}"
84,"((C_1:1.4968939297966353,B_1:1.4968939297966353):0.5646935526137212,(A_2:1.5297598485004817,A_1:1.5297598485004817):0.5318276339098746):0.0;","((C_1,B_1),(A_1,A_2));",0,0,1181188.0,"{'((C_1,B_1),(A_1,A_2));': 1.0}"
85,"((B_1:1.885436556942889,C_1:1.885436556942889):1.3669002838631896,A_1:3.2523368408060787):0.0;","((B_1,C_1),A_1);",0,0,1110117.0,"{'((B_1,C_1),A_1);': 1.0}"
86,"((C_1:1.5505068715963701,B_1:1.5505068715963701):0.9008395695003251,(A_2:0.8243914949308921,A_1:0.8243914949308921):1.626954946165803):0.0;","((C_1,B_1),(A_1,A_2));",0,0,1181158.0,"{'((C_1,B_1),(A_1,A_2));': 1.0}"
87,"(A_2:3.6170439406453707,(C_1:2.801158966043366,(B_1:2.296240103456212,(A_3:1.3313072368837349,A_1:1.3313072368837349):0.9649328665724772):0.5049188625871538):0.8158849746020049):0.0;","(A_2,(C_1,(B_1,(A_1,A_3))));",0,0,111117121519.0,"{'(A_1,(C_1,(B_1,(A_2,A_3))));': 0.0, '(A_2,(C_1,(B_1,(A_1,A_3))));': 1.0, '(A_3,(C_1,(B_1,(A_1,A_2))));': 0.0}"
88,"((A_1:2.360755164280813,((C_2:2.1446633611574537,B_2:2.1446633611574537):0.042097987357745344,C_1:2.186761348515199):0.173993815765614):0.07338821189074626,(C_3:1.8725074743696362,B_1:1.8725074743696362):0.5616359018019232):0.0;","((A_1,((C_2,B_2),C_1)),(C_3,B_1));",0,0,1111111112111012.0,"{'((A_1,((C_1,B_1),C_2)),(C_3,B_2));': 0.0, '((A_1,((C_1,B_1),C_3)),(C_2,B_2));': 0.0, '((A_1,((C_1,B_2),C_2)),(C_3,B_1));': 0.0, '((A_1,((C_1,B_2),C_3)),(C_2,B_1));': 0.0, '((A_1,((C_2,B_1),C_1)),(C_3,B_2));': 0.0, '((A_1,((C_2,B_1),C_3)),(C_1,B_2));': 0.0, '((A_1,((C_2,B_2),C_1)),(C_3,B_1));': 1.0, '((A_1,((C_2,B_2),C_3)),(C_1,B_1));': 0.0, '((A_1,((C_3,B_1),C_1)),(C_2,B_2));': 0.0, '((A_1,((C_3,B_1),C_2)),(C_1,B_2));': 0.0, '((A_1,((C_3,B_2),C_1)),(C_2,B_1));': 0.0, '((A_1,((C_3,B_2),C_2)),(C_1,B_1));': 0.0}"
89,"((C_1:1.055376630754869,B_1:1.055376630754869):1.076645272375306,A_1:2.132021903130175):0.0;","((C_1,B_1),A_1);",0,0,116111.0,"{'((C_1,B_1),A_1);': 1.0}"
90,"(A_1:2.0129076114776656,(B_1:1.393945047258232,(C_2:0.13551347127661767,C_1:0.13551347127661767):1.2584315759816143):0.6189625642194336):0.0;","(A_1,(B_1,(C_1,C_2)));",0,0,11111711.0,"{'(A_1,(B_1,(C_1,C_2)));': 1.0}"
91,"(A_1:2.5272884457976956,((B_2:1.005993644726153,C_2:1.005993644726153):1.2545497211552474,(B_1:1.0252335833958615,(C_3:0.0908994761728251,C_1:0.0908994761728251):0.9343341072230363):1.235309782485539):0.26674507991629515):0.0;","(A_1,((B_2,C_2),(B_1,(C_1,C_3))));",0,0,111611116613.0,"{'(A_1,((B_1,C_1),(B_2,(C_2,C_3))));': 0.0, '(A_1,((B_1,C_2),(B_2,(C_1,C_3))));': 0.0, '(A_1,((B_1,C_3),(B_2,(C_1,C_2))));': 0.0, '(A_1,((B_2,C_1),(B_1,(C_2,C_3))));': 0.0, '(A_1,((B_2,C_2),(B_1,(C_1,C_3))));': 1.0, '(A_1,((B_2,C_3),(B_1,(C_1,C_2))));': 0.0}"
92,"(B_2:2.6752342799990028,((B_1:1.6994861037622218,C_1:1.6994861037622218):0.36044128803069475,A_1:2.0599273917929164):0.6153068882060864):0.0;","(B_2,((B_1,C_1),A_1));",0,0,111911114.0,"{'(B_1,((B_2,C_1),A_1));': 0.0, '(B_2,((B_1,C_1),A_1));': 1.0}"
93,"(A_1:3.2165554427712255,(C_1:1.8158690200625072,(C_2:1.4886407724486581,B_1:1.4886407724486581):0.32722824761384905):1.4006864227087181):0.0;","(A_1,(C_1,(C_2,B_1)));",0,0,111181017.0,"{'(A_1,(C_1,(C_2,B_1)));': 1.0, '(A_1,(C_2,(C_1,B_1)));': 0.0}"
94,"(A_1:2.2149060752050422,((C_3:0.40091644429750456,(C_5:0.3164844267777215,C_2:0.3164844267777215):0.08443201751978308):0.9985874022879174,(B_1:1.1642956566725773,(C_4:0.37008913059313575,C_1:0.37008913059313575):0.7942065260794415):0.23520818991284465):0.8154022286196205):0.0;","(A_1,((C_3,(C_2,C_5)),(B_1,(C_1,C_4))));",0,0,11112311126612.0,"{'(A_1,((C_1,(C_2,C_3)),(B_1,(C_4,C_5))));': 0.0, '(A_1,((C_1,(C_2,C_4)),(B_1,(C_3,C_5))));': 0.0, '(A_1,((C_1,(C_2,C_5)),(B_1,(C_3,C_4))));': 0.0, '(A_1,((C_1,(C_3,C_4)),(B_1,(C_2,C_5))));': 0.0, '(A_1,((C_1,(C_3,C_5)),(B_1,(C_2,C_4))));': 0.0, '(A_1,((C_1,(C_4,C_5)),(B_1,(C_2,C_3))));': 0.0, '(A_1,((C_2,(C_1,C_3)),(B_1,(C_4,C_5))));': 0.0, '(A_1,((C_2,(C_1,C_4)),(B_1,(C_3,C_5))));': 0.0, '(A_1,((C_2,(C_1,C_5)),(B_1,(C_3,C_4))));': 0.0, '(A_1,((C_2,(C_3,C_4)),(B_1,(C_1,C_5))));': 0.0, '(A_1,((C_2,(C_3,C_5)),(B_1,(C_1,C_4))));': 0.0, '(A_1,((C_2,(C_4,C_5)),(B_1,(C_1,C_3))));': 0.0, '(A_1,((C_3,(C_1,C_2)),(B_1,(C_4,C_5))));': 0.0, '(A_1,((C_3,(C_1,C_4)),(B_1,(C_2,C_5))));': 0.0, '(A_1,((C_3,(C_1,C_5)),(B_1,(C_2,C_4))));': 0.0, '(A_1,((C_3,(C_2,C_4)),(B_1,(C_1,C_5))));': 0.0, '(A_1,((C_3,(C_2,C_5)),(B_1,(C_1,C_4))));': 1.0, '(A_1,((C_3,(C_4,C_5)),(B_1,(C_1,C_2))));': 0.0, '(A_1,((C_4,(C_1,C_2)),(B_1,(C_3,C_5))));': 0.0, '(A_1,((C_4,(C_1,C_3)),(B_1,(C_2,C_5))));': 0.0, '(A_1,((C_4,(C_1,C_5)),(B_1,(C_2,C_3))));': 0.0, '(A_1,((C_4,(C_2,C_3)),(B_1,(C_1,C_5))));': 0.0, '(A_1,((C_4,(C_2,C_5)),(B_1,(C_1,C_3))));': 0.0, '(A_1,((C_4,(C_3,C_5)),(B_1,(C_1,C_2))));': 0.0, '(A_1,((C_5,(C_1,C_2)),(B_1,(C_3,C_4))));': 0.0, '(A_1,((C_5,(C_1,C_3)),(B_1,(C_2,C_4))));': 0.0, '(A_1,((C_5,(C_1,C_4)),(B_1,(C_2,C_3))));': 0.0, '(A_1,((C_5,(C_2,C_3)),(B_1,(C_1,C_4))));': 0.0, '(A_1,((C_5,(C_2,C_4)),(B_1,(C_1,C_3))));': 0.0, '(A_1,((C_5,(C_3,C_4)),(B_1,(C_1,C_2))));': 0.0}"
95,"((C_1:2.7366098834689985,A_1:2.7366098834689985):1.9097343046640431,((B_2:1.0478247517997858,C_2:1.0478247517997858):0.8648062794799407,B_1:1.9126310312797266):2.733713156853315):0.0;","((C_1,A_1),((B_2,C_2),B_1));",0,0,111411611014.0,"{'((C_1,A_1),((B_1,C_2),B_2));': 0.0, '((C_1,A_1),((B_2,C_2),B_1));': 1.0, '((C_2,A_1),((B_1,C_1),B_2));': 0.0, '((C_2,A_1),((B_2,C_1),B_1));': 0.0}"
96,"((C_1:1.2352882457905723,B_1:1.2352882457905723):1.5055023349576433,(A_2:1.8046787150791013,A_1:1.8046787150791013):0.9361118656691141):0.0;","((C_1,B_1),(A_1,A_2));",0,0,117111010.0,"{'((C_1,B_1),(A_1,A_2));': 1.0}"
97,"((B_1:1.6777517054780662,C_1:1.6777517054780662):0.34255796113874293,A_1:2.020309666616809):0.0;","((B_1,C_1),A_1);",0,0,119111.0,"{'((B_1,C_1),A_1);': 1.0}"
98,"(A_2:3.843373613112936,(A_1:2.4645953292956504,(C_1:1.5681980721115352,B_1:1.5681980721115352):0.8963972571841154):1.3787782838172857):0.0;","(A_2,(A_1,(C_1,B_1)));",0,0,111181320.0,"{'(A_1,(A_2,(C_1,B_1)));': 0.0, '(A_2,(A_1,(C_1,B_1)));': 1.0}"
99,"((B_1:1.2147780811093107,C_1:1.2147780811093107):1.1185978015683773,(A_2:1.997833595687205,A_1:1.997833595687205):0.33554228699048294):0.0;","((B_1,C_1),(A_1,A_2));",0,0,117111010.0,"{'((B_1,C_1),(A_1,A_2));': 1.0}"
100,"(A_1:4.244806790846344,((B_1:1.8117854248943832,C_1:1.8117854248943832):0.948451912564535,(A_3:0.7931935763525831,A_2:0.7931935763525831):1.9670437611063352):1.4845694533874259):0.0;","(A_1,((B_1,C_1),(A_2,A_3)));",0,0,111101141022.0,"{'(A_1,((B_1,C_1),(A_2,A_3)));': 1.0, '(A_2,((B_1,C_1),(A_1,A_3)));': 0.0, '(A_3,((B_1,C_1),(A_1,A_2)));': 0.0}"
101,"((B_1:1.242795002711032,C_1:1.242795002711032):1.0724253105260506,(A_2:1.6364892272559706,A_1:1.6364892272559706):0.678731085981112):0.0;","((B_1,C_1),(A_1,A_2));",0,0,1171199.0,"{'((B_1,C_1),(A_1,A_2));': 1.0}"
102,"(((C_1:1.602751631234097,B_1:1.602751631234097):0.49325875905530797,(A_1:1.5393889336418065,(A_5:0.4067753890738041,A_2:0.4067753890738041):1.1326135445680023):0.5566214566475984):3.8343319678069054,(A_4:3.3407787921125727,A_3:3.3407787921125727):2.5895635659837377):0.0;","(((C_1,B_1),(A_1,(A_2,A_5))),(A_3,A_4));",0,0,119111389111717.0,"{'(((C_1,B_1),(A_1,(A_2,A_3))),(A_4,A_5));': 0.0, '(((C_1,B_1),(A_1,(A_2,A_4))),(A_3,A_5));': 0.0, '(((C_1,B_1),(A_1,(A_2,A_5))),(A_3,A_4));': 1.0, '(((C_1,B_1),(A_1,(A_3,A_4))),(A_2,A_5));': 0.0, '(((C_1,B_1),(A_1,(A_3,A_5))),(A_2,A_4));': 0.0, '(((C_1,B_1),(A_1,(A_4,A_5))),(A_2,A_3));': 0.0, '(((C_1,B_1),(A_2,(A_1,A_3))),(A_4,A_5));': 0.0, '(((C_1,B_1),(A_2,(A_1,A_4))),(A_3,A_5));': 0.0, '(((C_1,B_1),(A_2,(A_1,A_5))),(A_3,A_4));': 0.0, '(((C_1,B_1),(A_2,(A_3,A_4))),(A_1,A_5));': 0.0, '(((C_1,B_1),(A_2,(A_3,A_5))),(A_1,A_4));': 0.0, '(((C_1,B_1),(A_2,(A_4,A_5))),(A_1,A_3));': 0.0, '(((C_1,B_1),(A_3,(A_1,A_2))),(A_4,A_5));': 0.0, '(((C_1,B_1),(A_3,(A_1,A_4))),(A_2,A_5));': 0.0, '(((C_1,B_1),(A_3,(A_1,A_5))),(A_2,A_4));': 0.0, '(((C_1,B_1),(A_3,(A_2,A_4))),(A_1,A_5));': 0.0, '(((C_1,B_1),(A_3,(A_2,A_5))),(A_1,A_4));': 0.0, '(((C_1,B_1),(A_3,(A_4,A_5))),(A_1,A_2));': 0.0, '(((C_1,B_1),(A_4,(A_1,A_2))),(A_3,A_5));': 0.0, '(((C_1,B_1),(A_4,(A_1,A_3))),(A_2,A_5));': 0.0, '(((C_1,B_1),(A_4,(A_1,A_5))),(A_2,A_3));': 0.0, '(((C_1,B_1),(A_4,(A_2,A_3))),(A_1,A_5));': 0.0, '(((C_1,B_1),(A_4,(A_2,A_5))),(A_1,A_3));': 0.0, '(((C_1,B_1),(A_4,(A_3,A_5))),(A_1,A_2));': 0.0, '(((C_1,B_1),(A_5,(A_1,A_2))),(A_3,A_4));': 0.0, '(((C_1,B_1),(A_5,(A_1,A_3))),(A_2,A_4));': 0.0, '(((C_1,B_1),(A_5,(A_1,A_4))),(A_2,A_3));': 0.0, '(((C_1,B_1),(A_5,(A_2,A_3))),(A_1,A_4));': 0.0, '(((C_1,B_1),(A_5,(A_2,A_4))),(A_1,A_3));': 0.0, '(((C_1,B_1),(A_5,(A_3,A_4))),(A_1,A_2));': 0.0}"
103,"(A_1:2.5410161869455545,(C_1:1.776686530021144,B_1:1.776686530021144):0.7643296569244106):0.0;","(A_1,(C_1,B_1));",0,0,111913.0,"{'(A_1,(C_1,B_1));': 1.0}"
104,"((B_1:1.6946121373823355,C_1:1.6946121373823355):0.7796676600700456,A_1:2.474279797452381):0.0;","((B_1,C_1),A_1);",0,0,119113.0,"{'((B_1,C_1),A_1);': 1.0}"
105,"((A_1:2.115575521612337,(B_1:1.5094265867620797,C_1:1.5094265867620797):0.6061489348502571):0.16851413195026543,(C_2:1.2281019452057718,(C_4:1.1017269316935812,C_3:1.1017269316935812):0.1263750135121906):1.0559877083568308):0.0;","((A_1,(B_1,C_1)),(C_2,(C_3,C_4)));",0,0,1118111116711.0,"{'((A_1,(B_1,C_1)),(C_2,(C_3,C_4)));': 1.0, '((A_1,(B_1,C_1)),(C_3,(C_2,C_4)));': 0.0, '((A_1,(B_1,C_1)),(C_4,(C_2,C_3)));': 0.0, '((A_1,(B_1,C_2)),(C_1,(C_3,C_4)));': 0.0, '((A_1,(B_1,C_2)),(C_3,(C_1,C_4)));': 0.0, '((A_1,(B_1,C_2)),(C_4,(C_1,C_3)));': 0.0, '((A_1,(B_1,C_3)),(C_1,(C_2,C_4)));': 0.0, '((A_1,(B_1,C_3)),(C_2,(C_1,C_4)));': 0.0, '((A_1,(B_1,C_3)),(C_4,(C_1,C_2)));': 0.0, '((A_1,(B_1,C_4)),(C_1,(C_2,C_3)));': 0.0, '((A_1,(B_1,C_4)),(C_2,(C_1,C_3)));': 0.0, '((A_1,(B_1,C_4)),(C_3,(C_1,C_2)));': 0.0}"
106,"(A_1:2.224284310304029,(B_1:1.2226699809701802,C_1:1.2226699809701802):1.0016143293338486):0.0;","(A_1,(B_1,C_1));",0,0,111712.0,"{'(A_1,(B_1,C_1));': 1.0}"
107,"(A_1:2.2050027796926304,(C_1:1.4890199136651505,B_1:1.4890199136651505):0.7159828660274797):0.0;","(A_1,(C_1,B_1));",0,0,111812.0,"{'(A_1,(C_1,B_1));': 1.0}"
108,"((C_2:1.3187757519104466,(C_4:1.2893672068699171,B_2:1.2893672068699171):0.029408545040529477):5.498599080572164,(A_1:2.3806363271497153,(C_3:1.3978482997028456,(C_1:1.2795241804103243,B_1:1.2795241804103243):0.11832411929252129):0.9827880274468699):4.436738505332895):0.0;","((C_2,(C_4,B_2)),(A_1,(C_3,(C_1,B_1))));",0,0,111771111771212.0,"{'((C_1,(C_2,B_1)),(A_1,(C_3,(C_4,B_2))));': 0.0, '((C_1,(C_2,B_1)),(A_1,(C_4,(C_3,B_2))));': 0.0, '((C_1,(C_2,B_2)),(A_1,(C_3,(C_4,B_1))));': 0.0, '((C_1,(C_2,B_2)),(A_1,(C_4,(C_3,B_1))));': 0.0, '((C_1,(C_3,B_1)),(A_1,(C_2,(C_4,B_2))));': 0.0, '((C_1,(C_3,B_1)),(A_1,(C_4,(C_2,B_2))));': 0.0, '((C_1,(C_3,B_2)),(A_1,(C_2,(C_4,B_1))));': 0.0, '((C_1,(C_3,B_2)),(A_1,(C_4,(C_2,B_1))));': 0.0, '((C_1,(C_4,B_1)),(A_1,(C_2,(C_3,B_2))));': 0.0, '((C_1,(C_4,B_1)),(A_1,(C_3,(C_2,B_2))));': 0.0, '((C_1,(C_4,B_2)),(A_1,(C_2,(C_3,B_1))));': 0.0, '((C_1,(C_4,B_2)),(A_1,(C_3,(C_2,B_1))));': 0.0, '((C_2,(C_1,B_1)),(A_1,(C_3,(C_4,B_2))));': 0.0, '((C_2,(C_1,B_1)),(A_1,(C_4,(C_3,B_2))));': 0.0, '((C_2,(C_1,B_2)),(A_1,(C_3,(C_4,B_1))));': 0.0, '((C_2,(C_1,B_2)),(A_1,(C_4,(C_3,B_1))));': 0.0, '((C_2,(C_3,B_1)),(A_1,(C_1,(C_4,B_2))));': 0.0, '((C_2,(C_3,B_1)),(A_1,(C_4,(C_1,B_2))));': 0.0, '((C_2,(C_3,B_2)),(A_1,(C_1,(C_4,B_1))));': 0.0, '((C_2,(C_3,B_2)),(A_1,(C_4,(C_1,B_1))));': 0.0, '((C_2,(C_4,B_1)),(A_1,(C_1,(C_3,B_2))));': 0.0, '((C_2,(C_4,B_1)),(A_1,(C_3,(C_1,B_2))));': 0.0, '((C_2,(C_4,B_2)),(A_1,(C_1,(C_3,B_1))));': 0.0, '((C_2,(C_4,B_2)),(A_1,(C_3,(C_1,B_1))));': 1.0, '((C_3,(C_1,B_1)),(A_1,(C_2,(C_4,B_2))));': 0.0, '((C_3,(C_1,B_1)),(A_1,(C_4,(C_2,B_2))));': 0.0, '((C_3,(C_1,B_2)),(A_1,(C_2,(C_4,B_1))));': 0.0, '((C_3,(C_1,B_2)),(A_1,(C_4,(C_2,B_1))));': 0.0, '((C_3,(C_2,B_1)),(A_1,(C_1,(C_4,B_2))));': 0.0, '((C_3,(C_2,B_1)),(A_1,(C_4,(C_1,B_2))));': 0.0, '((C_3,(C_2,B_2)),(A_1,(C_1,(C_4,B_1))));': 0.0, '((C_3,(C_2,B_2)),(A_1,(C_4,(C_1,B_1))));': 0.0, '((C_3,(C_4,B_1)),(A_1,(C_1,(C_2,B_2))));': 0.0, '((C_3,(C_4,B_1)),(A_1,(C_2,(C_1,B_2))));': 0.0, '((C_3,(C_4,B_2)),(A_1,(C_1,(C_2,B_1))));': 0.0, '((C_3,(C_4,B_2)),(A_1,(C_2,(C_1,B_1))));': 0.0, '((C_4,(C_1,B_1)),(A_1,(C_2,(C_3,B_2))));': 0.0, '((C_4,(C_1,B_1)),(A_1,(C_3,(C_2,B_2))));': 0.0, '((C_4,(C_1,B_2)),(A_1,(C_2,(C_3,B_1))));': 0.0, '((C_4,(C_1,B_2)),(A_1,(C_3,(C_2,B_1))));': 0.0, '((C_4,(C_2,B_1)),(A_1,(C_1,(C_3,B_2))));': 0.0, '((C_4,(C_2,B_1)),(A_1,(C_3,(C_1,B_2))));': 0.0, '((C_4,(C_2,B_2)),(A_1,(C_1,(C_3,B_1))));': 0.0, '((C_4,(C_2,B_2)),(A_1,(C_3,(C_1,B_1))));': 0.0, '((C_4,(C_3,B_1)),(A_1,(C_1,(C_2,B_2))));': 0.0, '((C_4,(C_3,B_1)),(A_1,(C_2,(C_1,B_2))));': 0.0, '((C_4,(C_3,B_2)),(A_1,(C_1,(C_2,B_1))));': 0.0, '((C_4,(C_3,B_2)),(A_1,(C_2,(C_1,B_1))));': 0.0}"
109,"(A_2:2.936360706433793,(A_1:2.5085911658715228,(C_1:1.205495015528189,B_1:1.205495015528189):1.3030961503433336):0.4277695405622701):0.0;","(A_2,(A_1,(C_1,B_1)));",0,0,111171315.0,"{'(A_1,(A_2,(C_1,B_1)));': 0.0, '(A_2,(A_1,(C_1,B_1)));': 1.0}"
110,"(B_1:2.457040610344886,(A_1:2.026137659781988,C_1:2.026137659781988):0.430902950562898):0.0;","(B_1,(A_1,C_1));",0,0,1111113.0,"{'(B_1,(A_1,C_1));': 1.0}"
111,"(A_1:3.478413921656224,(B_1:2.2082647763954446,C_1:2.2082647763954446):1.2701491452607794):0.0;","(A_1,(B_1,C_1));",0,0,1111218.0,"{'(A_1,(B_1,C_1));': 1.0}"
112,"((A_1:2.280093331453885,B_1:2.280093331453885):0.15700663231673692,C_1:2.437099963770622):0.0;","((A_1,B_1),C_1);",0,0,1112113.0,"{'((A_1,B_1),C_1);': 1.0}"
113,"((B_1:1.0645232182902349,C_1:1.0645232182902349):1.3838433135555523,A_1:2.448366531845787):0.0;","((B_1,C_1),A_1);",0,0,116113.0,"{'((B_1,C_1),A_1);': 1.0}"
114,"(A_1:2.753897844551329,((C_1:1.7231316127761822,B_1:1.7231316127761822):0.7789042257181173,((B_2:0.3897259948246161,B_4:0.3897259948246161):0.38229072903624395,B_3:0.7720167238608601):1.7300191146334396):0.2518620060570296):0.0;","(A_1,((C_1,B_1),((B_2,B_4),B_3)));",0,0,111911214914.0,"{'(A_1,((C_1,B_1),((B_2,B_3),B_4)));': 0.0, '(A_1,((C_1,B_1),((B_2,B_4),B_3)));': 1.0, '(A_1,((C_1,B_1),((B_3,B_4),B_2)));': 0.0, '(A_1,((C_1,B_2),((B_1,B_3),B_4)));': 0.0, '(A_1,((C_1,B_2),((B_1,B_4),B_3)));': 0.0, '(A_1,((C_1,B_2),((B_3,B_4),B_1)));': 0.0, '(A_1,((C_1,B_3),((B_1,B_2),B_4)));': 0.0, '(A_1,((C_1,B_3),((B_1,B_4),B_2)));': 0.0, '(A_1,((C_1,B_3),((B_2,B_4),B_1)));': 0.0, '(A_1,((C_1,B_4),((B_1,B_2),B_3)));': 0.0, '(A_1,((C_1,B_4),((B_1,B_3),B_2)));': 0.0, '(A_1,((C_1,B_4),((B_2,B_3),B_1)));': 0.0}"
115,"(C_3:2.8918631109807498,((B_1:1.4739885167982765,(C_2:0.798315334951117,C_1:0.798315334951117):0.6756731818471595):0.6368621175259649,A_1:2.1108506343242412):0.7810124766565085):0.0;","(C_3,((B_1,(C_1,C_2)),A_1));",0,0,11114811115.0,"{'(C_1,((B_1,(C_2,C_3)),A_1));': 0.0, '(C_2,((B_1,(C_1,C_3)),A_1));': 0.0, '(C_3,((B_1,(C_1,C_2)),A_1));': 1.0}"
116,"((B_1:1.7282658351139546,C_1:1.7282658351139546):4.959914465839976,(A_2:1.928470332897978,A_1:1.928470332897978):4.759709968055953):0.0;","((B_1,C_1),(A_1,A_2));",0,0,119111010.0,"{'((B_1,C_1),(A_1,A_2));': 1.0}"
117,"(A_1:2.124494224280221,(C_1:1.607677816419407,B_1:1.607677816419407):0.5168164078608143):0.0;","(A_1,(C_1,B_1));",0,0,111911.0,"{'(A_1,(C_1,B_1));': 1.0}"
118,"(B_2:5.113074600172286,((B_1:2.422288314604248,A_1:2.422288314604248):0.5762946443090972,C_1:2.998582958913345):2.114491641258941):0.0;","(B_2,((B_1,A_1),C_1));",0,0,1111311526.0,"{'(B_1,((B_2,A_1),C_1));': 0.0, '(B_2,((B_1,A_1),C_1));': 1.0}"
119,"(B_3:6.577180882223452,((C_1:1.560844266604724,(B_2:0.8897898092696386,B_1:0.8897898092696386):0.6710544573350854):0.6383470236976241,A_1:2.1991912903023483):4.377989591921104):0.0;","(B_3,((C_1,(B_1,B_2)),A_1));",0,0,11115811133.0,"{'(B_1,((C_1,(B_2,B_3)),A_1));': 0.0, '(B_2,((C_1,(B_1,B_3)),A_1));': 0.0, '(B_3,((C_1,(B_1,B_2)),A_1));': 1.0}"
120,"(A_2:2.9206369648745585,((B_1:1.40045568321403,C_1:1.40045568321403):1.0754578963629242,(A_3:0.5150349193077319,A_1:0.5150349193077319):1.9608786602692223):0.44472338529760425):0.0;","(A_2,((B_1,C_1),(A_1,A_3)));",0,0,1118113815.0,"{'(A_1,((B_1,C_1),(A_2,A_3)));': 0.0, '(A_2,((B_1,C_1),(A_1,A_3)));': 1.0, '(A_3,((B_1,C_1),(A_1,A_2)));': 0.0}"
121,"(((C_1:1.0211300911145873,B_1:1.0211300911145873):1.3068231644271133,(A_3:0.3080574398939159,A_1:0.3080574398939159):2.019895815647785):2.8489686018496787,(A_4:0.3640802368666108,A_2:0.3640802368666108):4.812841620524768):0.0;","(((C_1,B_1),(A_1,A_3)),(A_2,A_4));",0,0,11611261126.0,"{'(((C_1,B_1),(A_1,A_2)),(A_3,A_4));': 0.0, '(((C_1,B_1),(A_1,A_3)),(A_2,A_4));': 1.0, '(((C_1,B_1),(A_1,A_4)),(A_2,A_3));': 0.0, '(((C_1,B_1),(A_2,A_3)),(A_1,A_4));': 0.0, '(((C_1,B_1),(A_2,A_4)),(A_1,A_3));': 0.0, '(((C_1,B_1),(A_3,A_4)),(A_1,A_2));': 0.0}"
122,"(C_1:2.3880564734549785,(A_1:2.2182925075590156,(B_2:0.6970391934693801,B_1:0.6970391934693801):1.5212533140896354):0.16976396589596307):0.0;","(C_1,(A_1,(B_1,B_2)));",0,0,111141212.0,"{'(C_1,(A_1,(B_1,B_2)));': 1.0}"
123,"((B_1:2.26926671917146,A_1:2.26926671917146):0.9303013472337699,(B_2:1.306696982801889,C_1:1.306696982801889):1.8928710836033409):0.0;","((B_1,A_1),(B_2,C_1));",0,0,111211712.0,"{'((B_1,A_1),(B_2,C_1));': 1.0, '((B_2,A_1),(B_1,C_1));': 0.0}"
124,"((B_1:2.035720798905675,A_1:2.035720798905675):0.01457894633579457,((C_2:1.3419529588131502,B_2:1.3419529588131502):0.5137244574664885,C_1:1.8556774162796388):0.19462232896183052):0.0;","((B_1,A_1),((C_2,B_2),C_1));",0,0,111111711011.0,"{'((B_1,A_1),((C_1,B_2),C_2));': 0.0, '((B_1,A_1),((C_2,B_2),C_1));': 1.0, '((B_2,A_1),((C_1,B_1),C_2));': 0.0, '((B_2,A_1),((C_2,B_1),C_1));': 0.0}"
125,"(A_2:6.672002800719445,(A_1:2.1971197951183323,(C_1:1.2797011342662878,B_1:1.2797011342662878):0.9174186608520446):4.474883005601113):0.0;","(A_2,(A_1,(C_1,B_1)));",0,0,111171134.0,"{'(A_1,(A_2,(C_1,B_1)));': 0.0, '(A_2,(A_1,(C_1,B_1)));': 1.0}"
126,"((B_1:1.170226108114251,C_1:1.170226108114251):1.7395753999802888,A_1:2.9098015080945396):0.0;","((B_1,C_1),A_1);",0,0,116115.0,"{'((B_1,C_1),A_1);': 1.0}"
127,"(A_1:2.032706988941146,(B_2:1.5927634102528998,(C_1:1.0608291308963655,B_1:1.0608291308963655):0.5319342793565343):0.4399435786882464):0.0;","(A_1,(B_2,(C_1,B_1)));",0,0,11116811.0,"{'(A_1,(B_1,(C_1,B_2)));': 0.0, '(A_1,(B_2,(C_1,B_1)));': 1.0}"
128,"((B_1:2.1608726633942306,(C_1:1.9266975111523874,(B_3:0.8127638054876771,B_2:0.8127638054876771):1.1139337056647103):0.23417515224184315):0.6968406433443735,A_1:2.857713306738604):0.0;","((B_1,(C_1,(B_2,B_3))),A_1);",0,0,111151011115.0,"{'((B_1,(C_1,(B_2,B_3))),A_1);': 1.0, '((B_2,(C_1,(B_1,B_3))),A_1);': 0.0, '((B_3,(C_1,(B_1,B_2))),A_1);': 0.0}"
129,"(B_3:7.32173333351403,((A_1:2.222241223480438,B_1:2.222241223480438):1.476477083889237,((C_2:1.0029427144664675,B_2:1.0029427144664675):0.3694111119546142,C_1:1.3723538264210817):2.3263644809485933):3.6230150261443548):0.0;","(B_3,((A_1,B_1),((C_2,B_2),C_1)));",0,0,11112116171237.0,"{'(B_1,((A_1,B_2),((C_1,B_3),C_2)));': 0.0, '(B_1,((A_1,B_2),((C_2,B_3),C_1)));': 0.0, '(B_1,((A_1,B_3),((C_1,B_2),C_2)));': 0.0, '(B_1,((A_1,B_3),((C_2,B_2),C_1)));': 0.0, '(B_2,((A_1,B_1),((C_1,B_3),C_2)));': 0.0, '(B_2,((A_1,B_1),((C_2,B_3),C_1)));': 0.0, '(B_2,((A_1,B_3),((C_1,B_1),C_2)));': 0.0, '(B_2,((A_1,B_3),((C_2,B_1),C_1)));': 0.0, '(B_3,((A_1,B_1),((C_1,B_2),C_2)));': 0.0, '(B_3,((A_1,B_1),((C_2,B_2),C_1)));': 1.0, '(B_3,((A_1,B_2),((C_1,B_1),C_2)));': 0.0, '(B_3,((A_1,B_2),((C_2,B_1),C_1)));': 0.0}"
130,"((B_1:1.418631581205946,C_1:1.418631581205946):0.9121219616011258,(A_2:0.8845508044410235,A_1:0.8845508044410235):1.4462027383660483):0.0;","((B_1,C_1),(A_1,A_2));",0,0,1181158.0,"{'((B_1,C_1),(A_1,A_2));': 1.0}"
131,"((B_1:1.555893748927308,C_1:1.555893748927308):0.6851793257355934,A_1:2.2410730746629013):0.0;","((B_1,C_1),A_1);",0,0,118112.0,"{'((B_1,C_1),A_1);': 1.0}"
132,"((C_1:1.0217897260469981,(B_2:0.3581518543988251,B_1:0.3581518543988251):0.663637871648173):1.5249908894233013,A_1:2.5467806154702997):0.0;","((C_1,(B_1,B_2)),A_1);",0,0,11126113.0,"{'((C_1,(B_1,B_2)),A_1);': 1.0}"
133,"((B_1:1.5079318306588816,C_1:1.5079318306588816):0.7296564420318805,(A_2:0.6602213635909289,A_1:0.6602213635909289):1.5773669090998332):0.0;","((B_1,C_1),(A_1,A_2));",0,0,1181148.0,"{'((B_1,C_1),(A_1,A_2));': 1.0}"
134,"(B_1:2.4865552074262434,(C_1:2.3514838594714695,A_1:2.3514838594714695):0.13507134795477396):0.0;","(B_1,(C_1,A_1));",0,0,1111213.0,"{'(B_1,(C_1,A_1));': 1.0}"
135,"((B_1:1.154666400076483,C_1:1.154666400076483):1.7633269462310213,A_1:2.917993346307504):0.0;","((B_1,C_1),A_1);",0,0,116115.0,"{'((B_1,C_1),A_1);': 1.0}"
136,"(A_1:2.7875480551103027,((B_2:2.021501729702655,(C_2:2.004880628168649,A_2:2.004880628168649):0.0166211015340057):0.5334879934453942,(B_1:1.6644891654789715,C_1:1.6644891654789715):0.8905005576690774):0.23255833196225373):0.0;","(A_1,((B_2,(C_2,A_2)),(B_1,C_1)));",0,0,111111111191114.0,"{'(A_1,((B_1,(C_1,A_2)),(B_2,C_2)));': 0.0, '(A_1,((B_1,(C_2,A_2)),(B_2,C_1)));': 0.0, '(A_1,((B_2,(C_1,A_2)),(B_1,C_2)));': 0.0, '(A_1,((B_2,(C_2,A_2)),(B_1,C_1)));': 1.0, '(A_2,((B_1,(C_1,A_1)),(B_2,C_2)));': 0.0, '(A_2,((B_1,(C_2,A_1)),(B_2,C_1)));': 0.0, '(A_2,((B_2,(C_1,A_1)),(B_1,C_2)));': 0.0, '(A_2,((B_2,(C_2,A_1)),(B_1,C_1)));': 0.0}"
137,"((A_1:2.047982736863727,(B_1:1.1989287192735996,C_1:1.1989287192735996):0.8490540175901274):0.8204448540555953,(B_4:1.4350958222054686,(B_3:0.553665310621814,B_2:0.553665310621814):0.8814305115836546):1.4333317687138538):0.0;","((A_1,(B_1,C_1)),(B_4,(B_2,B_3)));",0,0,1116111113811.0,"{'((A_1,(B_1,C_1)),(B_2,(B_3,B_4)));': 0.0, '((A_1,(B_1,C_1)),(B_3,(B_2,B_4)));': 0.0, '((A_1,(B_1,C_1)),(B_4,(B_2,B_3)));': 1.0, '((A_1,(B_2,C_1)),(B_1,(B_3,B_4)));': 0.0, '((A_1,(B_2,C_1)),(B_3,(B_1,B_4)));': 0.0, '((A_1,(B_2,C_1)),(B_4,(B_1,B_3)));': 0.0, '((A_1,(B_3,C_1)),(B_1,(B_2,B_4)));': 0.0, '((A_1,(B_3,C_1)),(B_2,(B_1,B_4)));': 0.0, '((A_1,(B_3,C_1)),(B_4,(B_1,B_2)));': 0.0, '((A_1,(B_4,C_1)),(B_1,(B_2,B_3)));': 0.0, '((A_1,(B_4,C_1)),(B_2,(B_1,B_3)));': 0.0, '((A_1,(B_4,C_1)),(B_3,(B_1,B_2)));': 0.0}"
138,"(A_1:2.2473165148481353,(B_1:1.0719331220752022,C_1:1.0719331220752022):1.175383392772933):0.0;","(A_1,(B_1,C_1));",0,0,111612.0,"{'(A_1,(B_1,C_1));': 1.0}"
139,"((B_1:2.0322920076631434,C_1:2.0322920076631434):0.4343371370726368,A_1:2.4666291447357804):0.0;","((B_1,C_1),A_1);",0,0,1111113.0,"{'((B_1,C_1),A_1);': 0.5, '((B_7,C_7),A_7);': 0.5}"
140,"(A_1:2.674295001102105,(C_1:1.2560264265156325,((B_2:0.29437587671071963,B_3:0.29437587671071963):0.38579938387844126,B_1:0.6801752605891609):0.5758511659264716):1.4182685745864725):0.0;","(A_1,(C_1,((B_2,B_3),B_1)));",0,0,1111214714.0,"{'(A_1,(C_1,((B_1,B_2),B_3)));': 0.0, '(A_1,(C_1,((B_1,B_3),B_2)));': 0.0, '(A_1,(C_1,((B_2,B_3),B_1)));': 1.0}"
141,"(A_2:4.330473134154709,(A_1:2.6001521338704805,(C_1:1.4499767524038987,B_1:1.4499767524038987):1.1501753814665818):1.7303210002842286):0.0;","(A_2,(A_1,(C_1,B_1)));",0,0,111181422.0,"{'(A_1,(A_2,(C_1,B_1)));': 0.0, '(A_2,(A_1,(C_1,B_1)));': 1.0}"
142,"((C_1:2.7200189604510494,A_1:2.7200189604510494):0.048823604438686934,(C_2:1.4840099380320932,B_1:1.4840099380320932):1.2848326268576429):0.0;","((C_1,A_1),(C_2,B_1));",0,0,111411814.0,"{'((C_1,A_1),(C_2,B_1));': 1.0, '((C_2,A_1),(C_1,B_1));': 0.0}"
143,"((B_1:1.2431649463730274,C_1:1.2431649463730274):1.157672054091225,A_1:2.4008370004642523):0.0;","((B_1,C_1),A_1);",0,0,117113.0,"{'((B_1,C_1),A_1);': 1.0}"
144,"((B_1:2.666081999324944,A_1:2.666081999324944):0.5196871646855766,(C_2:0.9704801301632449,(C_3:0.7129158654658041,C_1:0.7129158654658041):0.25756426469744076):2.2152890338472755):0.0;","((B_1,A_1),(C_2,(C_1,C_3)));",0,0,11141114514.0,"{'((B_1,A_1),(C_1,(C_2,C_3)));': 0.0, '((B_1,A_1),(C_2,(C_1,C_3)));': 1.0, '((B_1,A_1),(C_3,(C_1,C_2)));': 0.0}"
145,"((C_2:1.1495156867845366,B_2:1.1495156867845366):3.5389025343168683,(A_1:3.7037858076312267,(C_3:2.3901625851072237,(B_1:1.5181108455408197,C_1:1.5181108455408197):0.872051739566404):1.313623222524003):0.9846324134701785):0.0;","((C_2,B_2),(A_1,(C_3,(B_1,C_1))));",0,0,11611118121919.0,"{'((C_1,B_1),(A_1,(C_2,(B_2,C_3))));': 0.0, '((C_1,B_1),(A_1,(C_3,(B_2,C_2))));': 0.0, '((C_1,B_2),(A_1,(C_2,(B_1,C_3))));': 0.0, '((C_1,B_2),(A_1,(C_3,(B_1,C_2))));': 0.0, '((C_2,B_1),(A_1,(C_1,(B_2,C_3))));': 0.0, '((C_2,B_1),(A_1,(C_3,(B_2,C_1))));': 0.0, '((C_2,B_2),(A_1,(C_1,(B_1,C_3))));': 0.0, '((C_2,B_2),(A_1,(C_3,(B_1,C_1))));': 1.0, '((C_3,B_1),(A_1,(C_1,(B_2,C_2))));': 0.0, '((C_3,B_1),(A_1,(C_2,(B_2,C_1))));': 0.0, '((C_3,B_2),(A_1,(C_1,(B_1,C_2))));': 0.0, '((C_3,B_2),(A_1,(C_2,(B_1,C_1))));': 0.0}"
146,"(A_1:4.416432682403459,((C_2:1.1323568972050513,B_2:1.1323568972050513):0.3654707970057818,(C_3:1.4418786315018115,(C_1:1.2814994395120909,B_1:1.2814994395120909):0.16037919198972062):0.05594906270902156):2.9186049881926266):0.0;","(A_1,((C_2,B_2),(C_3,(C_1,B_1))));",0,0,111611178823.0,"{'(A_1,((C_1,B_1),(C_2,(C_3,B_2))));': 0.0, '(A_1,((C_1,B_1),(C_3,(C_2,B_2))));': 0.0, '(A_1,((C_1,B_2),(C_2,(C_3,B_1))));': 0.0, '(A_1,((C_1,B_2),(C_3,(C_2,B_1))));': 0.0, '(A_1,((C_2,B_1),(C_1,(C_3,B_2))));': 0.0, '(A_1,((C_2,B_1),(C_3,(C_1,B_2))));': 0.0, '(A_1,((C_2,B_2),(C_1,(C_3,B_1))));': 0.0, '(A_1,((C_2,B_2),(C_3,(C_1,B_1))));': 1.0, '(A_1,((C_3,B_1),(C_1,(C_2,B_2))));': 0.0, '(A_1,((C_3,B_1),(C_2,(C_1,B_2))));': 0.0, '(A_1,((C_3,B_2),(C_1,(C_2,B_1))));': 0.0, '(A_1,((C_3,B_2),(C_2,(C_1,B_1))));': 0.0}"
147,"(A_1:2.446811835127162,(C_1:1.8759758512312839,(B_1:1.5753311667337786,((C_2:0.550056235725453,C_4:0.550056235725453):0.8751383304620333,C_3:1.4251945661874863):0.1501366005462923):0.30064468449750525):0.5708359838958783):0.0;","(A_1,(C_1,(B_1,((C_2,C_4),C_3))));",0,0,1111131881013.0,"{'(A_1,(C_1,(B_1,((C_2,C_3),C_4))));': 0.0, '(A_1,(C_1,(B_1,((C_2,C_4),C_3))));': 1.0, '(A_1,(C_1,(B_1,((C_3,C_4),C_2))));': 0.0, '(A_1,(C_2,(B_1,((C_1,C_3),C_4))));': 0.0, '(A_1,(C_2,(B_1,((C_1,C_4),C_3))));': 0.0, '(A_1,(C_2,(B_1,((C_3,C_4),C_1))));': 0.0, '(A_1,(C_3,(B_1,((C_1,C_2),C_4))));': 0.0, '(A_1,(C_3,(B_1,((C_1,C_4),C_2))));': 0.0, '(A_1,(C_3,(B_1,((C_2,C_4),C_1))));': 0.0, '(A_1,(C_4,(B_1,((C_1,C_2),C_3))));': 0.0, '(A_1,(C_4,(B_1,((C_1,C_3),C_2))));': 0.0, '(A_1,(C_4,(B_1,((C_2,C_3),C_1))));': 0.0}"
148,"((C_1:1.386989493801126,(B_2:0.2873768364933823,B_1:0.2873768364933823):1.0996126573077438):1.0651302859159804,A_1:2.4521197797171066):0.0;","((C_1,(B_1,B_2)),A_1);",0,0,11127113.0,"{'((C_1,(B_1,B_2)),A_1);': 1.0}"
149,"(B_2:2.9671055882698747,((B_1:1.3818678858278939,(C_1:1.2032183655225188,(B_4:0.9852741404217598,B_3:0.9852741404217598):0.21794422510075906):0.17864952030537506):1.0353855573160509,A_1:2.4172534431439447):0.54985214512593):0.0;","(B_2,((B_1,(C_1,(B_3,B_4))),A_1));",0,0,1111157711315.0,"{'(B_1,((B_2,(C_1,(B_3,B_4))),A_1));': 0.0, '(B_1,((B_3,(C_1,(B_2,B_4))),A_1));': 0.0, '(B_1,((B_4,(C_1,(B_2,B_3))),A_1));': 0.0, '(B_2,((B_1,(C_1,(B_3,B_4))),A_1));': 1.0, '(B_2,((B_3,(C_1,(B_1,B_4))),A_1));': 0.0, '(B_2,((B_4,(C_1,(B_1,B_3))),A_1));': 0.0, '(B_3,((B_1,(C_1,(B_2,B_4))),A_1));': 0.0, '(B_3,((B_2,(C_1,(B_1,B_4))),A_1));': 0.0, '(B_3,((B_4,(C_1,(B_1,B_2))),A_1));': 0.0, '(B_4,((B_1,(C_1,(B_2,B_3))),A_1));': 0.0, '(B_4,((B_2,(C_1,(B_1,B_3))),A_1));': 0.0, '(B_4,((B_3,(C_1,(B_1,B_2))),A_1));': 0.0}"
150,"((B_1:1.1251844341879533,C_1:1.1251844341879533):1.1285449111986932,A_1:2.2537293453866467):0.0;","((B_1,C_1),A_1);",0,0,116112.0,"{'((B_1,C_1),A_1);': 1.0}"
151,"((B_1:2.6530448087876666,A_1:2.6530448087876666):1.0214381939358035,C_1:3.67448300272347):0.0;","((B_1,A_1),C_1);",0,0,1114119.0,"{'((B_1,A_1),C_1);': 1.0}"
152,"(C_2:3.529366238189591,(A_1:2.072534286286088,(C_1:1.5377699022168716,B_1:1.5377699022168716):0.5347643840692163):1.4568319519035033):0.0;","(C_2,(A_1,(C_1,B_1)));",0,0,111181118.0,"{'(C_1,(A_1,(C_2,B_1)));': 0.0, '(C_2,(A_1,(C_1,B_1)));': 1.0}"
153,"(B_3:3.0114187376056303,(A_1:2.4916997962724876,(B_1:1.442581217543426,((B_2:1.1246019465401123,C_2:1.1246019465401123):0.26653114264711825,C_1:1.3911330891872304):0.05144812835619561):1.0491185787290616):0.5197189413331427):0.0;","(B_3,(A_1,(B_1,((B_2,C_2),C_1))));",0,0,1111161781316.0,"{'(B_1,(A_1,(B_2,((B_3,C_1),C_2))));': 0.0, '(B_1,(A_1,(B_2,((B_3,C_2),C_1))));': 0.0, '(B_1,(A_1,(B_3,((B_2,C_1),C_2))));': 0.0, '(B_1,(A_1,(B_3,((B_2,C_2),C_1))));': 0.0, '(B_2,(A_1,(B_1,((B_3,C_1),C_2))));': 0.0, '(B_2,(A_1,(B_1,((B_3,C_2),C_1))));': 0.0, '(B_2,(A_1,(B_3,((B_1,C_1),C_2))));': 0.0, '(B_2,(A_1,(B_3,((B_1,C_2),C_1))));': 0.0, '(B_3,(A_1,(B_1,((B_2,C_1),C_2))));': 0.0, '(B_3,(A_1,(B_1,((B_2,C_2),C_1))));': 1.0, '(B_3,(A_1,(B_2,((B_1,C_1),C_2))));': 0.0, '(B_3,(A_1,(B_2,((B_1,C_2),C_1))));': 0.0}"
154,"((B_1:1.2781094027988895,C_1:1.2781094027988895):1.3467338497153367,(A_2:0.646931586217574,A_1:0.646931586217574):1.9779116662966523):0.0;","((B_1,C_1),(A_1,A_2));",0,0,1171147.0,"{'((B_1,C_1),(A_1,A_2));': 1.0}"
155,"((B_1:1.3159186036721242,C_1:1.3159186036721242):1.894058265784024,(C_2:2.452628434636675,A_1:2.452628434636675):0.7573484348194732):0.0;","((B_1,C_1),(C_2,A_1));",0,0,117111313.0,"{'((B_1,C_1),(C_2,A_1));': 1.0, '((B_1,C_2),(C_1,A_1));': 0.0}"
156,"(A_2:3.641196444118411,((B_1:1.1059207386407262,C_1:1.1059207386407262):2.3797182572690754,(A_3:1.946959265730711,A_1:1.946959265730711):1.5386797301790904):0.15555744820860928):0.0;","(A_2,((B_1,C_1),(A_1,A_3)));",0,0,111611101019.0,"{'(A_1,((B_1,C_1),(A_2,A_3)));': 0.0, '(A_2,((B_1,C_1),(A_1,A_3)));': 1.0, '(A_3,((B_1,C_1),(A_1,A_2)));': 0.0}"
157,"(A_1:2.36881961337838,(C_1:1.3607678025821632,(B_2:0.9809494113009167,(B_3:0.42595945895958354,B_1:0.42595945895958354):0.5549899523413332):0.3798183912812465):1.0080518107962166):0.0;","(A_1,(C_1,(B_2,(B_1,B_3))));",0,0,1111135712.0,"{'(A_1,(C_1,(B_1,(B_2,B_3))));': 0.0, '(A_1,(C_1,(B_2,(B_1,B_3))));': 1.0, '(A_1,(C_1,(B_3,(B_1,B_2))));': 0.0}"
158,"(C_1:3.003635565993646,(B_1:2.5933248257600727,A_1:2.5933248257600727):0.4103107402335729):0.0;","(C_1,(B_1,A_1));",0,0,1111316.0,"{'(C_1,(B_1,A_1));': 1.0}"
159,"((B_1:1.190252483428876,C_1:1.190252483428876):1.7978996938943208,(B_2:2.707341118909261,A_1:2.707341118909261):0.2808110584139354):0.0;","((B_1,C_1),(B_2,A_1));",0,0,116111414.0,"{'((B_1,C_1),(B_2,A_1));': 1.0, '((B_2,C_1),(B_1,A_1));': 0.0}"
160,"(A_1:2.7709872390118973,(B_1:1.1843525943823372,C_1:1.1843525943823372):1.58663464462956):0.0;","(A_1,(B_1,C_1));",0,0,111614.0,"{'(A_1,(B_1,C_1));': 1.0}"
161,"(A_1:2.628614574351794,(B_1:1.5493181851238607,C_1:1.5493181851238607):1.0792963892279335):0.0;","(A_1,(B_1,C_1));",0,0,111814.0,"{'(A_1,(B_1,C_1));': 1.0}"
162,"(A_2:7.332398849591448,(A_1:2.7082543167492457,(C_1:1.1635005156003484,B_1:1.1635005156003484):1.5447538011488973):4.624144532842203):0.0;","(A_2,(A_1,(C_1,B_1)));",0,0,111161437.0,"{'(A_1,(A_2,(C_1,B_1)));': 0.0, '(A_2,(A_1,(C_1,B_1)));': 1.0}"
163,"(A_1:2.0668070560301954,(B_1:1.7778643783153494,(B_2:1.404682597498454,C_1:1.404682597498454):0.37318178081689535):0.28894267771484616):0.0;","(A_1,(B_1,(B_2,C_1)));",0,0,11118911.0,"{'(A_1,(B_1,(B_2,C_1)));': 1.0, '(A_1,(B_2,(B_1,C_1)));': 0.0}"
164,"((B_1:1.2309902356627345,(C_3:0.8610812427645058,C_1:0.8610812427645058):0.36990899289822865):1.2319703007274994,(C_2:2.2497672053800963,A_1:2.2497672053800963):0.2131933310101375):0.0;","((B_1,(C_1,C_3)),(C_2,A_1));",0,0,11157111212.0,"{'((B_1,(C_1,C_2)),(C_3,A_1));': 0.0, '((B_1,(C_1,C_3)),(C_2,A_1));': 1.0, '((B_1,(C_2,C_3)),(C_1,A_1));': 0.0}"
165,"((A_1:2.5862776330887685,B_1:2.5862776330887685):0.4257490741493286,(C_2:1.3560225319739763,C_1:1.3560225319739763):1.6560041752641208):0.0;","((A_1,B_1),(C_1,C_2));",0,0,111311713.0,"{'((A_1,B_1),(C_1,C_2));': 1.0}"
166,"((B_1:2.7545387153802774,C_1:2.7545387153802774):0.4309850195972311,A_1:3.1855237349775085):0.0;","((B_1,C_1),A_1);",0,0,1114116.0,"{'((B_1,C_1),A_1);': 1.0}"
167,"(A_1:3.1505594630625393,((B_2:1.0890500533811067,C_2:1.0890500533811067):1.706814674674833,(B_3:1.544807985817073,(B_1:1.0043095349829758,C_1:1.0043095349829758):0.5404984508340971):1.251056742238867):0.3546947350065994):0.0;","(A_1,((B_2,C_2),(B_3,(B_1,C_1))));",0,0,111611168816.0,"{'(A_1,((B_1,C_1),(B_2,(B_3,C_2))));': 0.0, '(A_1,((B_1,C_1),(B_3,(B_2,C_2))));': 0.0, '(A_1,((B_1,C_2),(B_2,(B_3,C_1))));': 0.0, '(A_1,((B_1,C_2),(B_3,(B_2,C_1))));': 0.0, '(A_1,((B_2,C_1),(B_1,(B_3,C_2))));': 0.0, '(A_1,((B_2,C_1),(B_3,(B_1,C_2))));': 0.0, '(A_1,((B_2,C_2),(B_1,(B_3,C_1))));': 0.0, '(A_1,((B_2,C_2),(B_3,(B_1,C_1))));': 1.0, '(A_1,((B_3,C_1),(B_1,(B_2,C_2))));': 0.0, '(A_1,((B_3,C_1),(B_2,(B_1,C_2))));': 0.0, '(A_1,((B_3,C_2),(B_1,(B_2,C_1))));': 0.0, '(A_1,((B_3,C_2),(B_2,(B_1,C_1))));': 0.0}"
168,"(A_1:2.441693158102891,(C_1:1.208129012481997,B_1:1.208129012481997):1.2335641456208943):0.0;","(A_1,(C_1,B_1));",0,0,111713.0,"{'(A_1,(C_1,B_1));': 1.0}"
169,"(A_1:2.731575593366063,(((C_2:1.1170809960415096,B_2:1.1170809960415096):0.3443964860177452,B_1:1.4614774820592547):1.2172248122826663,(C_3:0.7740006601442033,C_1:0.7740006601442033):1.9047016341977177):0.05287329902414205):0.0;","(A_1,(((C_2,B_2),B_1),(C_1,C_3)));",0,0,111618114814.0,"{'(A_1,(((C_1,B_1),B_2),(C_2,C_3)));': 0.0, '(A_1,(((C_1,B_2),B_1),(C_2,C_3)));': 0.0, '(A_1,(((C_2,B_1),B_2),(C_1,C_3)));': 0.0, '(A_1,(((C_2,B_2),B_1),(C_1,C_3)));': 1.0, '(A_1,(((C_3,B_1),B_2),(C_1,C_2)));': 0.0, '(A_1,(((C_3,B_2),B_1),(C_1,C_2)));': 0.0}"
170,"((A_1:3.182477839533232,(C_1:1.1929767249797123,(B_4:0.08785916405885992,B_3:0.08785916405885992):1.1051175609208523):1.9895011145535195):0.23538492950991496,((C_2:1.4562703649861777,B_2:1.4562703649861777):1.717303720724041,B_1:3.173574085710219):0.24428868333292808):0.0;","((A_1,(C_1,(B_3,B_4))),((C_2,B_2),B_1));",0,0,1111161611811616.0,"{'((A_1,(C_1,(B_1,B_2))),((C_2,B_3),B_4));': 0.0, '((A_1,(C_1,(B_1,B_2))),((C_2,B_4),B_3));': 0.0, '((A_1,(C_1,(B_1,B_3))),((C_2,B_2),B_4));': 0.0, '((A_1,(C_1,(B_1,B_3))),((C_2,B_4),B_2));': 0.0, '((A_1,(C_1,(B_1,B_4))),((C_2,B_2),B_3));': 0.0, '((A_1,(C_1,(B_1,B_4))),((C_2,B_3),B_2));': 0.0, '((A_1,(C_1,(B_2,B_3))),((C_2,B_1),B_4));': 0.0, '((A_1,(C_1,(B_2,B_3))),((C_2,B_4),B_1));': 0.0, '((A_1,(C_1,(B_2,B_4))),((C_2,B_1),B_3));': 0.0, '((A_1,(C_1,(B_2,B_4))),((C_2,B_3),B_1));': 0.0, '((A_1,(C_1,(B_3,B_4))),((C_2,B_1),B_2));': 0.0, '((A_1,(C_1,(B_3,B_4))),((C_2,B_2),B_1));': 1.0, '((A_1,(C_2,(B_1,B_2))),((C_1,B_3),B_4));': 0.0, '((A_1,(C_2,(B_1,B_2))),((C_1,B_4),B_3));': 0.0, '((A_1,(C_2,(B_1,B_3))),((C_1,B_2),B_4));': 0.0, '((A_1,(C_2,(B_1,B_3))),((C_1,B_4),B_2));': 0.0, '((A_1,(C_2,(B_1,B_4))),((C_1,B_2),B_3));': 0.0, '((A_1,(C_2,(B_1,B_4))),((C_1,B_3),B_2));': 0.0, '((A_1,(C_2,(B_2,B_3))),((C_1,B_1),B_4));': 0.0, '((A_1,(C_2,(B_2,B_3))),((C_1,B_4),B_1));': 0.0, '((A_1,(C_2,(B_2,B_4))),((C_1,B_1),B_3));': 0.0, '((A_1,(C_2,(B_2,B_4))),((C_1,B_3),B_1));': 0.0, '((A_1,(C_2,(B_3,B_4))),((C_1,B_1),B_2));': 0.0, '((A_1,(C_2,(B_3,B_4))),((C_1,B_2),B_1));': 0.0}"
171,"((B_1:1.7307952399010795,C_1:1.7307952399010795):0.6548565287216148,A_1:2.385651768622694):0.0;","((B_1,C_1),A_1);",0,0,119112.0,"{'((B_1,C_1),A_1);': 1.0}"
172,"(((B_2:1.0355275652271094,C_2:1.0355275652271094):2.494545440771724,(A_3:1.2685084253148353,A_2:1.2685084253148353):2.2615645806839977):1.911475005601437,(A_1:4.657042302942656,(C_1:1.1191519864666186,B_1:1.1191519864666186):3.5378903164760382):0.7845057086576137):0.0;","(((B_2,C_2),(A_2,A_3)),(A_1,(C_1,B_1)));",0,0,116117711162424.0,"{'(((B_1,C_1),(A_1,A_2)),(A_3,(C_2,B_2)));': 0.0, '(((B_1,C_1),(A_1,A_3)),(A_2,(C_2,B_2)));': 0.0, '(((B_1,C_1),(A_2,A_3)),(A_1,(C_2,B_2)));': 0.0, '(((B_1,C_2),(A_1,A_2)),(A_3,(C_1,B_2)));': 0.0, '(((B_1,C_2),(A_1,A_3)),(A_2,(C_1,B_2)));': 0.0, '(((B_1,C_2),(A_2,A_3)),(A_1,(C_1,B_2)));': 0.0, '(((B_2,C_1),(A_1,A_2)),(A_3,(C_2,B_1)));': 0.0, '(((B_2,C_1),(A_1,A_3)),(A_2,(C_2,B_1)));': 0.0, '(((B_2,C_1),(A_2,A_3)),(A_1,(C_2,B_1)));': 0.0, '(((B_2,C_2),(A_1,A_2)),(A_3,(C_1,B_1)));': 0.0, '(((B_2,C_2),(A_1,A_3)),(A_2,(C_1,B_1)));': 0.0, '(((B_2,C_2),(A_2,A_3)),(A_1,(C_1,B_1)));': 1.0}"
173,"((A_1:2.515613568240692,C_1:2.515613568240692):0.9832775183384699,(B_1:1.5763058896013167,(C_3:1.570134579467977,C_2:1.570134579467977):0.0061713101333396025):1.9225851969778454):0.0;","((A_1,C_1),(B_1,(C_2,C_3)));",0,0,11131118813.0,"{'((A_1,C_1),(B_1,(C_2,C_3)));': 1.0, '((A_1,C_2),(B_1,(C_1,C_3)));': 0.0, '((A_1,C_3),(B_1,(C_1,C_2)));': 0.0}"
174,"((B_1:1.816157886428384,C_1:1.816157886428384):2.3245345844553467,((C_2:2.2699359568744297,B_2:2.2699359568744297):0.17054046746146082,A_1:2.4404764243358907):1.70021604654784):0.0;","((B_1,C_1),((C_2,B_2),A_1));",0,0,1110111211313.0,"{'((B_1,C_1),((C_2,B_2),A_1));': 1.0, '((B_1,C_2),((C_1,B_2),A_1));': 0.0, '((B_2,C_1),((C_2,B_1),A_1));': 0.0, '((B_2,C_2),((C_1,B_1),A_1));': 0.0}"
175,"((B_1:1.0653882310047293,C_1:1.0653882310047293):1.3217420632260897,A_1:2.387130294230819):0.0;","((B_1,C_1),A_1);",0,0,116112.0,"{'((B_1,C_1),A_1);': 1.0}"
176,"(A_1:3.8558214151808365,((C_1:1.06860179341715,B_1:1.06860179341715):0.6591792275494006,(C_3:1.2358362178576474,(C_4:0.2894511625005575,C_2:0.2894511625005575):0.9463850553570898):0.4919448031089031):2.128040394214286):0.0;","(A_1,((C_1,B_1),(C_3,(C_2,C_4))));",0,0,111611127720.0,"{'(A_1,((C_1,B_1),(C_2,(C_3,C_4))));': 0.0, '(A_1,((C_1,B_1),(C_3,(C_2,C_4))));': 1.0, '(A_1,((C_1,B_1),(C_4,(C_2,C_3))));': 0.0, '(A_1,((C_2,B_1),(C_1,(C_3,C_4))));': 0.0, '(A_1,((C_2,B_1),(C_3,(C_1,C_4))));': 0.0, '(A_1,((C_2,B_1),(C_4,(C_1,C_3))));': 0.0, '(A_1,((C_3,B_1),(C_1,(C_2,C_4))));': 0.0, '(A_1,((C_3,B_1),(C_2,(C_1,C_4))));': 0.0, '(A_1,((C_3,B_1),(C_4,(C_1,C_2))));': 0.0, '(A_1,((C_4,B_1),(C_1,(C_2,C_3))));': 0.0, '(A_1,((C_4,B_1),(C_2,(C_1,C_3))));': 0.0, '(A_1,((C_4,B_1),(C_3,(C_1,C_2))));': 0.0}"
177,"((A_1:2.175428016248128,B_1:2.175428016248128):0.6205802723626461,(C_2:1.7057317193998571,C_1:1.7057317193998571):1.0902765692109169):0.0;","((A_1,B_1),(C_1,C_2));",0,0,111111911.0,"{'((A_1,B_1),(C_1,C_2));': 1.0}"
178,"((C_2:1.3637713546885781,B_2:1.3637713546885781):2.8003402870887477,(A_1:2.329219596507443,(B_1:2.0860440482786453,(C_3:0.6091575486374186,C_1:0.6091575486374186):1.4768864996412268):0.24317554822879783):1.8348920452698825):0.0;","((C_2,B_2),(A_1,(B_1,(C_1,C_3))));",0,0,11711114111212.0,"{'((C_1,B_1),(A_1,(B_2,(C_2,C_3))));': 0.0, '((C_1,B_2),(A_1,(B_1,(C_2,C_3))));': 0.0, '((C_2,B_1),(A_1,(B_2,(C_1,C_3))));': 0.0, '((C_2,B_2),(A_1,(B_1,(C_1,C_3))));': 1.0, '((C_3,B_1),(A_1,(B_2,(C_1,C_2))));': 0.0, '((C_3,B_2),(A_1,(B_1,(C_1,C_2))));': 0.0}"
179,"((B_1:1.576559170373957,C_1:1.576559170373957):1.076965264708738,(A_2:1.385995725106542,A_1:1.385995725106542):1.2675287099761527):0.0;","((B_1,C_1),(A_1,A_2));",0,0,1181178.0,"{'((B_1,C_1),(A_1,A_2));': 1.0}"
180,"((B_1:1.6679652193197056,C_1:1.6679652193197056):1.7136148646621174,(A_2:1.8233574916355582,(A_3:0.920772977788298,A_1:0.920772977788298):0.9025845138472601):1.5582225923462647):0.0;","((B_1,C_1),(A_2,(A_1,A_3)));",0,0,11911151010.0,"{'((B_1,C_1),(A_1,(A_2,A_3)));': 0.0, '((B_1,C_1),(A_2,(A_1,A_3)));': 1.0, '((B_1,C_1),(A_3,(A_1,A_2)));': 0.0}"
181,"(A_1:2.059348941835901,(C_1:1.0640828729602152,B_1:1.0640828729602152):0.9952660688756856):0.0;","(A_1,(C_1,B_1));",0,0,111611.0,"{'(A_1,(C_1,B_1));': 1.0}"
182,"((B_1:1.5323041652532359,((B_2:1.200643738969601,C_2:1.200643738969601):0.30260402857916363,(C_3:0.5390202288206523,C_1:0.5390202288206523):0.9642275387281123):0.029056397704471326):1.6986889378428107,A_1:3.230993103096046):0.0;","((B_1,((B_2,C_2),(C_1,C_3))),A_1);",0,0,111711378117.0,"{'((B_1,((B_2,C_1),(C_2,C_3))),A_1);': 0.0, '((B_1,((B_2,C_2),(C_1,C_3))),A_1);': 1.0, '((B_1,((B_2,C_3),(C_1,C_2))),A_1);': 0.0, '((B_2,((B_1,C_1),(C_2,C_3))),A_1);': 0.0, '((B_2,((B_1,C_2),(C_1,C_3))),A_1);': 0.0, '((B_2,((B_1,C_3),(C_1,C_2))),A_1);': 0.0}"
183,"((C_1:1.6370074587914307,B_1:1.6370074587914307):2.4346916587032608,A_1:4.071699117494692):0.0;","((C_1,B_1),A_1);",0,0,119121.0,"{'((C_1,B_1),A_1);': 1.0}"
184,"((C_1:1.405280600237317,B_1:1.405280600237317):2.762944680915054,A_1:4.168225281152371):0.0;","((C_1,B_1),A_1);",0,0,118121.0,"{'((C_1,B_1),A_1);': 1.0}"
185,"((C_1:2.2013793163090374,(A_2:1.252563334526735,(A_3:0.4605390869964054,A_1:0.4605390869964054):0.7920242475303296):0.9488159817823023):0.38435901688057095,B_1:2.5857383331896084):0.0;","((C_1,(A_2,(A_1,A_3))),B_1);",0,0,11113712113.0,"{'((C_1,(A_1,(A_2,A_3))),B_1);': 0.0, '((C_1,(A_2,(A_1,A_3))),B_1);': 1.0, '((C_1,(A_3,(A_1,A_2))),B_1);': 0.0}"
186,"((C_1:2.110881578029377,A_1:2.110881578029377):0.04175497840383431,(B_2:0.4514388829889391,B_1:0.4514388829889391):1.7011976734442722):0.0;","((C_1,A_1),(B_1,B_2));",0,0,111111311.0,"{'((C_1,A_1),(B_1,B_2));': 1.0}"
187,"(B_3:3.187512402727302,(B_2:2.643260177835305,(A_1:2.3411725224025446,(B_1:1.1202101687992272,C_1:1.1202101687992272):1.2209623536033172):0.3020876554327603):0.5442522248919972):0.0;","(B_3,(B_2,(A_1,(B_1,C_1))));",0,0,111116121416.0,"{'(B_1,(B_2,(A_1,(B_3,C_1))));': 0.0, '(B_1,(B_3,(A_1,(B_2,C_1))));': 0.0, '(B_2,(B_1,(A_1,(B_3,C_1))));': 0.0, '(B_2,(B_3,(A_1,(B_1,C_1))));': 0.0, '(B_3,(B_1,(A_1,(B_2,C_1))));': 0.0, '(B_3,(B_2,(A_1,(B_1,C_1))));': 1.0}"
188,"((C_1:1.081369468122021,(B_2:0.8126440503516175,B_1:0.8126440503516175):0.2687254177704035):1.6463188876996757,A_1:2.7276883558216967):0.0;","((C_1,(B_1,B_2)),A_1);",0,0,11156114.0,"{'((C_1,(B_1,B_2)),A_1);': 1.0}"
189,"((B_1:1.654384335050688,C_1:1.654384335050688):2.0282567062034436,((B_2:0.9924439022831405,B_3:0.9924439022831405):1.8975839650202544,A_1:2.890027867303395):0.7926131739507367):0.0;","((B_1,C_1),((B_2,B_3),A_1));",0,0,11911511515.0,"{'((B_1,C_1),((B_2,B_3),A_1));': 1.0, '((B_2,C_1),((B_1,B_3),A_1));': 0.0, '((B_3,C_1),((B_1,B_2),A_1));': 0.0}"
190,"((B_1:1.6489615637104034,C_1:1.6489615637104034):0.5762307709572264,A_1:2.22519233466763):0.0;","((B_1,C_1),A_1);",0,0,119112.0,"{'((B_1,C_1),A_1);': 1.0}"
191,"(A_1:3.487023400419063,(((A_2:2.0508707619136057,B_2:2.0508707619136057):0.7482078752475139,(B_1:1.3132508420618532,C_1:1.3132508420618532):1.4858277950992664):0.28095565120321675,(A_4:0.9123531724558631,A_3:0.9123531724558631):2.167681115908473):0.40698911205472665):0.0;","(A_1,(((A_2,B_2),(B_1,C_1)),(A_3,A_4)));",0,0,1.1111117111151118e+16,"{'(A_1,(((A_2,B_1),(B_2,C_1)),(A_3,A_4)));': 0.0, '(A_1,(((A_2,B_2),(B_1,C_1)),(A_3,A_4)));': 1.0, '(A_1,(((A_3,B_1),(B_2,C_1)),(A_2,A_4)));': 0.0, '(A_1,(((A_3,B_2),(B_1,C_1)),(A_2,A_4)));': 0.0, '(A_1,(((A_4,B_1),(B_2,C_1)),(A_2,A_3)));': 0.0, '(A_1,(((A_4,B_2),(B_1,C_1)),(A_2,A_3)));': 0.0, '(A_2,(((A_1,B_1),(B_2,C_1)),(A_3,A_4)));': 0.0, '(A_2,(((A_1,B_2),(B_1,C_1)),(A_3,A_4)));': 0.0, '(A_2,(((A_3,B_1),(B_2,C_1)),(A_1,A_4)));': 0.0, '(A_2,(((A_3,B_2),(B_1,C_1)),(A_1,A_4)));': 0.0, '(A_2,(((A_4,B_1),(B_2,C_1)),(A_1,A_3)));': 0.0, '(A_2,(((A_4,B_2),(B_1,C_1)),(A_1,A_3)));': 0.0, '(A_3,(((A_1,B_1),(B_2,C_1)),(A_2,A_4)));': 0.0, '(A_3,(((A_1,B_2),(B_1,C_1)),(A_2,A_4)));': 0.0, '(A_3,(((A_2,B_1),(B_2,C_1)),(A_1,A_4)));': 0.0, '(A_3,(((A_2,B_2),(B_1,C_1)),(A_1,A_4)));': 0.0, '(A_3,(((A_4,B_1),(B_2,C_1)),(A_1,A_2)));': 0.0, '(A_3,(((A_4,B_2),(B_1,C_1)),(A_1,A_2)));': 0.0, '(A_4,(((A_1,B_1),(B_2,C_1)),(A_2,A_3)));': 0.0, '(A_4,(((A_1,B_2),(B_1,C_1)),(A_2,A_3)));': 0.0, '(A_4,(((A_2,B_1),(B_2,C_1)),(A_1,A_3)));': 0.0, '(A_4,(((A_2,B_2),(B_1,C_1)),(A_1,A_3)));': 0.0, '(A_4,(((A_3,B_1),(B_2,C_1)),(A_1,A_2)));': 0.0, '(A_4,(((A_3,B_2),(B_1,C_1)),(A_1,A_2)));': 0.0}"
192,"(A_1:3.6715839704584194,(B_1:1.0920665777292569,C_1:1.0920665777292569):2.5795173927291626):0.0;","(A_1,(B_1,C_1));",0,0,111619.0,"{'(A_1,(B_1,C_1));': 1.0}"
193,"(A_1:2.896198591547301,(A_2:2.455040177069686,(C_1:1.1642028331977174,B_1:1.1642028331977174):1.2908373438719685):0.4411584144776153):0.0;","(A_1,(A_2,(C_1,B_1)));",0,0,111161315.0,"{'(A_1,(A_2,(C_1,B_1)));': 1.0, '(A_2,(A_1,(C_1,B_1)));': 0.0}"
194,"((B_1:2.2783190831024362,C_1:2.2783190831024362):0.1242442080852795,A_1:2.402563291187716):0.0;","((B_1,C_1),A_1);",0,0,1112113.0,"{'((B_1,C_1),A_1);': 1.0}"
195,"(((A_1:2.547344550117901,(B_4:0.35314183489019557,B_1:0.35314183489019557):2.1942027152277053):0.016678459242331488,C_1:2.5640230093602323):0.9766999409206698,(B_3:1.9548842805508917,(B_2:1.0025933876310371,C_2:1.0025933876310371):0.9522908929198546):1.5858386697300104):0.0;","(((A_1,(B_1,B_4)),C_1),(B_3,(B_2,C_2)));",0,0,1.1121311311161012e+16,"{'(((A_1,(B_1,B_2)),C_1),(B_3,(B_4,C_2)));': 0.0, '(((A_1,(B_1,B_2)),C_1),(B_4,(B_3,C_2)));': 0.0, '(((A_1,(B_1,B_2)),C_2),(B_3,(B_4,C_1)));': 0.0, '(((A_1,(B_1,B_2)),C_2),(B_4,(B_3,C_1)));': 0.0, '(((A_1,(B_1,B_3)),C_1),(B_2,(B_4,C_2)));': 0.0, '(((A_1,(B_1,B_3)),C_1),(B_4,(B_2,C_2)));': 0.0, '(((A_1,(B_1,B_3)),C_2),(B_2,(B_4,C_1)));': 0.0, '(((A_1,(B_1,B_3)),C_2),(B_4,(B_2,C_1)));': 0.0, '(((A_1,(B_1,B_4)),C_1),(B_2,(B_3,C_2)));': 0.0, '(((A_1,(B_1,B_4)),C_1),(B_3,(B_2,C_2)));': 1.0, '(((A_1,(B_1,B_4)),C_2),(B_2,(B_3,C_1)));': 0.0, '(((A_1,(B_1,B_4)),C_2),(B_3,(B_2,C_1)));': 0.0, '(((A_1,(B_2,B_3)),C_1),(B_1,(B_4,C_2)));': 0.0, '(((A_1,(B_2,B_3)),C_1),(B_4,(B_1,C_2)));': 0.0, '(((A_1,(B_2,B_3)),C_2),(B_1,(B_4,C_1)));': 0.0, '(((A_1,(B_2,B_3)),C_2),(B_4,(B_1,C_1)));': 0.0, '(((A_1,(B_2,B_4)),C_1),(B_1,(B_3,C_2)));': 0.0, '(((A_1,(B_2,B_4)),C_1),(B_3,(B_1,C_2)));': 0.0, '(((A_1,(B_2,B_4)),C_2),(B_1,(B_3,C_1)));': 0.0, '(((A_1,(B_2,B_4)),C_2),(B_3,(B_1,C_1)));': 0.0, '(((A_1,(B_3,B_4)),C_1),(B_1,(B_2,C_2)));': 0.0, '(((A_1,(B_3,B_4)),C_1),(B_2,(B_1,C_2)));': 0.0, '(((A_1,(B_3,B_4)),C_2),(B_1,(B_2,C_1)));': 0.0, '(((A_1,(B_3,B_4)),C_2),(B_2,(B_1,C_1)));': 0.0}"
196,"(C_1:2.6886996987477447,(A_1:2.0081691263414623,B_1:2.0081691263414623):0.6805305724062825):0.0;","(C_1,(A_1,B_1));",0,0,1111114.0,"{'(C_1,(A_1,B_1));': 1.0}"
197,"((B_2:1.442806508312372,C_2:1.442806508312372):0.7118232532997221,(A_1:2.0528435881835656,(B_1:1.6396484647959984,C_1:1.6396484647959984):0.4131951233875673):0.10178617342852858):0.0;","((B_2,C_2),(A_1,(B_1,C_1)));",0,0,11811191111.0,"{'((B_1,C_1),(A_1,(B_2,C_2)));': 0.0, '((B_1,C_2),(A_1,(B_2,C_1)));': 0.0, '((B_2,C_1),(A_1,(B_1,C_2)));': 0.0, '((B_2,C_2),(A_1,(B_1,C_1)));': 1.0}"
198,"(A_1:2.271198162279569,(B_1:1.2185332864607625,C_1:1.2185332864607625):1.0526648758188064):0.0;","(A_1,(B_1,C_1));",0,0,111712.0,"{'(A_1,(B_1,C_1));': 1.0}"
199,"((C_1:2.098732808256773,A_1:2.098732808256773):0.6489244956698423,B_1:2.7476573039266157):0.0;","((C_1,A_1),B_1);",0,0,1111114.0,"{'((C_1,A_1),B_1);': 0.6666666666666666, '((C_15,A_15),B_15);': 0.3333333333333333}"
200,"((B_1:1.0687473889483587,C_1:1.0687473889483587):1.8402226777756423,(B_2:2.656206507054411,A_1:2.656206507054411):0.2527635596695901):0.0;","((B_1,C_1),(B_2,A_1));",0,0,116111414.0,"{'((B_1,C_1),(B_2,A_1));': 1.0, '((B_2,C_1),(B_1,A_1));': 0.0}"
201,"((A_1:2.05287454499677,(B_1:1.1948137229168059,C_1:1.1948137229168059):0.8580608220799641):3.531180669964907,(A_4:2.5042745801142456,(A_2:0.6047769974721351,A_3:0.6047769974721351):1.8994975826421105):3.079780634847431):0.0;","((A_1,(B_1,C_1)),(A_4,(A_2,A_3)));",0,0,11161111141313.0,"{'((A_1,(B_1,C_1)),(A_2,(A_3,A_4)));': 0.0, '((A_1,(B_1,C_1)),(A_3,(A_2,A_4)));': 0.0, '((A_1,(B_1,C_1)),(A_4,(A_2,A_3)));': 1.0, '((A_2,(B_1,C_1)),(A_1,(A_3,A_4)));': 0.0, '((A_2,(B_1,C_1)),(A_3,(A_1,A_4)));': 0.0, '((A_2,(B_1,C_1)),(A_4,(A_1,A_3)));': 0.0, '((A_3,(B_1,C_1)),(A_1,(A_2,A_4)));': 0.0, '((A_3,(B_1,C_1)),(A_2,(A_1,A_4)));': 0.0, '((A_3,(B_1,C_1)),(A_4,(A_1,A_2)));': 0.0, '((A_4,(B_1,C_1)),(A_1,(A_2,A_3)));': 0.0, '((A_4,(B_1,C_1)),(A_2,(A_1,A_3)));': 0.0, '((A_4,(B_1,C_1)),(A_3,(A_1,A_2)));': 0.0}"
202,"(A_1:2.142251173704961,(C_1:1.190024675977707,B_1:1.190024675977707):0.9522264977272541):0.0;","(A_1,(C_1,B_1));",0,0,111611.0,"{'(A_1,(C_1,B_1));': 1.0}"
203,"((B_1:1.7292812687724197,C_1:1.7292812687724197):0.5191322828521292,A_1:2.248413551624549):0.0;","((B_1,C_1),A_1);",0,0,119112.0,"{'((B_1,C_1),A_1);': 1.0}"
204,"((A_2:0.5626113525255433,A_3:0.5626113525255433):2.3163082598940377,((B_1:1.3010367971746788,C_1:1.3010367971746788):0.878271253380607,(A_4:1.9534026947218872,A_1:1.9534026947218872):0.22590535583339832):0.6996115618642951):0.0;","((A_2,A_3),((B_1,C_1),(A_1,A_4)));",0,0,11311711101010.0,"{'((A_1,A_2),((B_1,C_1),(A_3,A_4)));': 0.0, '((A_1,A_3),((B_1,C_1),(A_2,A_4)));': 0.0, '((A_1,A_4),((B_1,C_1),(A_2,A_3)));': 0.0, '((A_2,A_3),((B_1,C_1),(A_1,A_4)));': 1.0, '((A_2,A_4),((B_1,C_1),(A_1,A_3)));': 0.0, '((A_3,A_4),((B_1,C_1),(A_1,A_2)));': 0.0}"
205,"((B_1:1.1134003171222042,C_1:1.1134003171222042):1.0516975452056365,A_1:2.1650978623278405):0.0;","((B_1,C_1),A_1);",0,0,116111.0,"{'((B_1,C_1),A_1);': 1.0}"
206,"((C_1:1.455881041112717,B_1:1.455881041112717):1.0241775388616998,A_1:2.480058579974417):0.0;","((C_1,B_1),A_1);",0,0,118113.0,"{'((C_1,B_1),A_1);': 1.0}"
207,"((B_1:2.109657560178465,(C_1:1.223221850173293,(C_4:0.42060120877927404,C_3:0.42060120877927404):0.8026206413940189):0.8864357100051719):0.42490873784044186,(C_2:2.519698040967178,A_1:2.519698040967178):0.014868257051728673):0.0;","((B_1,(C_1,(C_3,C_4))),(C_2,A_1));",0,0,11113711111313.0,"{'((B_1,(C_1,(C_2,C_3))),(C_4,A_1));': 0.0, '((B_1,(C_1,(C_2,C_4))),(C_3,A_1));': 0.0, '((B_1,(C_1,(C_3,C_4))),(C_2,A_1));': 1.0, '((B_1,(C_2,(C_1,C_3))),(C_4,A_1));': 0.0, '((B_1,(C_2,(C_1,C_4))),(C_3,A_1));': 0.0, '((B_1,(C_2,(C_3,C_4))),(C_1,A_1));': 0.0, '((B_1,(C_3,(C_1,C_2))),(C_4,A_1));': 0.0, '((B_1,(C_3,(C_1,C_4))),(C_2,A_1));': 0.0, '((B_1,(C_3,(C_2,C_4))),(C_1,A_1));': 0.0, '((B_1,(C_4,(C_1,C_2))),(C_3,A_1));': 0.0, '((B_1,(C_4,(C_1,C_3))),(C_2,A_1));': 0.0, '((B_1,(C_4,(C_2,C_3))),(C_1,A_1));': 0.0}"
208,"((B_1:1.0855817981706795,C_1:1.0855817981706795):1.3794672444371805,(A_2:1.1683184001207825,A_1:1.1683184001207825):1.2967306424870775):0.0;","((B_1,C_1),(A_1,A_2));",0,0,1161166.0,"{'((B_1,C_1),(A_1,A_2));': 1.0}"
209,"((C_1:1.2695153339751402,B_1:1.2695153339751402):1.2476519923492622,A_1:2.5171673263244023):0.0;","((C_1,B_1),A_1);",0,0,117113.0,"{'((C_1,B_1),A_1);': 1.0}"
210,"((C_1:2.0362985333083876,B_1:2.0362985333083876):0.007685098858430733,A_1:2.0439836321668183):0.0;","((C_1,B_1),A_1);",0,0,1111111.0,"{'((C_1,B_1),A_1);': 1.0}"
211,"((C_1:2.038582034886286,A_1:2.038582034886286):0.19654283370238534,(B_2:0.8180647593256314,B_1:0.8180647593256314):1.4170601092630402):0.0;","((C_1,A_1),(B_1,B_2));",0,0,111111511.0,"{'((C_1,A_1),(B_1,B_2));': 1.0}"
212,"((B_1:1.5198037023111306,C_1:1.5198037023111306):0.5911598153180095,A_1:2.1109635176291404):0.0;","((B_1,C_1),A_1);",0,0,118111.0,"{'((B_1,C_1),A_1);': 1.0}"
213,"((A_2:0.2281067489735713,A_3:0.2281067489735713):3.161346139806925,(A_4:2.3745083167367644,(A_1:2.0466079818143843,(C_1:1.8559258202871445,B_1:1.8559258202871445):0.1906821615272397):0.32790033492238013):1.0149445720437322):0.0;","((A_2,A_3),(A_4,(A_1,(C_1,B_1))));",0,0,112111110111212.0,"{'((A_1,A_2),(A_3,(A_4,(C_1,B_1))));': 0.0, '((A_1,A_2),(A_4,(A_3,(C_1,B_1))));': 0.0, '((A_1,A_3),(A_2,(A_4,(C_1,B_1))));': 0.0, '((A_1,A_3),(A_4,(A_2,(C_1,B_1))));': 0.0, '((A_1,A_4),(A_2,(A_3,(C_1,B_1))));': 0.0, '((A_1,A_4),(A_3,(A_2,(C_1,B_1))));': 0.0, '((A_2,A_3),(A_1,(A_4,(C_1,B_1))));': 0.0, '((A_2,A_3),(A_4,(A_1,(C_1,B_1))));': 1.0, '((A_2,A_4),(A_1,(A_3,(C_1,B_1))));': 0.0, '((A_2,A_4),(A_3,(A_1,(C_1,B_1))));': 0.0, '((A_3,A_4),(A_1,(A_2,(C_1,B_1))));': 0.0, '((A_3,A_4),(A_2,(A_1,(C_1,B_1))));': 0.0}"
214,"(B_2:2.7376514866890056,((C_1:2.1375502771681205,A_1:2.1375502771681205):0.09874856873112405,B_1:2.2362988458992445):0.501352640789761):0.0;","(B_2,((C_1,A_1),B_1));",0,0,1111111214.0,"{'(B_1,((C_1,A_1),B_2));': 0.0, '(B_2,((C_1,A_1),B_1));': 1.0}"
215,"((A_2:2.622908098560126,(C_1:1.8736798487443074,B_1:1.8736798487443074):0.7492282498158187):0.4688811289964476,(A_3:0.5593652976642923,A_1:0.5593652976642923):2.5324239298922815):0.0;","((A_2,(C_1,B_1)),(A_1,A_3));",0,0,111101411314.0,"{'((A_1,(C_1,B_1)),(A_2,A_3));': 0.0, '((A_2,(C_1,B_1)),(A_1,A_3));': 1.0, '((A_3,(C_1,B_1)),(A_1,A_2));': 0.0}"
216,"((C_2:1.270492758326125,B_2:1.270492758326125):1.441244246517311,(B_1:2.6591825044926973,(A_1:2.0840002966991684,C_1:2.0840002966991684):0.5751822077935289):0.05255450035073883):0.0;","((C_2,B_2),(B_1,(A_1,C_1)));",0,0,117111111414.0,"{'((C_1,B_1),(B_2,(A_1,C_2)));': 0.0, '((C_1,B_2),(B_1,(A_1,C_2)));': 0.0, '((C_2,B_1),(B_2,(A_1,C_1)));': 0.0, '((C_2,B_2),(B_1,(A_1,C_1)));': 1.0}"
217,"(A_1:2.2403184021174143,(B_1:1.9759355923492825,C_1:1.9759355923492825):0.26438280976813167):0.0;","(A_1,(B_1,C_1));",0,0,1111012.0,"{'(A_1,(B_1,C_1));': 1.0}"
218,"((B_2:2.5569712537036513,C_1:2.5569712537036513):0.7765995435701227,(B_3:2.819887452256034,(A_1:2.371915815181795,(B_4:0.29364693500678296,B_1:0.29364693500678296):2.078268880175012):0.44797163707423904):0.5136833450177398):0.0;","((B_2,C_1),(B_3,(A_1,(B_1,B_4))));",0,0,111311112121515.0,"{'((B_1,C_1),(B_2,(A_1,(B_3,B_4))));': 0.0, '((B_1,C_1),(B_3,(A_1,(B_2,B_4))));': 0.0, '((B_1,C_1),(B_4,(A_1,(B_2,B_3))));': 0.0, '((B_2,C_1),(B_1,(A_1,(B_3,B_4))));': 0.0, '((B_2,C_1),(B_3,(A_1,(B_1,B_4))));': 1.0, '((B_2,C_1),(B_4,(A_1,(B_1,B_3))));': 0.0, '((B_3,C_1),(B_1,(A_1,(B_2,B_4))));': 0.0, '((B_3,C_1),(B_2,(A_1,(B_1,B_4))));': 0.0, '((B_3,C_1),(B_4,(A_1,(B_1,B_2))));': 0.0, '((B_4,C_1),(B_1,(A_1,(B_2,B_3))));': 0.0, '((B_4,C_1),(B_2,(A_1,(B_1,B_3))));': 0.0, '((B_4,C_1),(B_3,(A_1,(B_1,B_2))));': 0.0}"
219,"(A_1:2.335298549085854,(B_1:1.236106103980808,(C_3:0.48386821469852204,(C_2:0.4252765252456865,C_1:0.4252765252456865):0.05859168945283555):0.7522378892822859):1.099192445105046):0.0;","(A_1,(B_1,(C_3,(C_1,C_2))));",0,0,1111133712.0,"{'(A_1,(B_1,(C_1,(C_2,C_3))));': 0.0, '(A_1,(B_1,(C_2,(C_1,C_3))));': 0.0, '(A_1,(B_1,(C_3,(C_1,C_2))));': 1.0}"
220,"(((B_2:1.2612799688667837,C_2:1.2612799688667837):1.2268801486078567,A_2:2.4881601174746404):0.2984571127536297,((B_1:2.0814673681262916,(C_3:1.1117748252967916,C_1:1.1117748252967916):0.9696925428295):0.5015700355894825,A_1:2.583037403715774):0.20357982651249573):0.0;","(((B_2,C_2),A_2),((B_1,(C_1,C_3)),A_1));",0,0,1.1711311161111312e+16,"{'(((B_1,C_1),A_1),((B_2,(C_2,C_3)),A_2));': 0.0, '(((B_1,C_1),A_2),((B_2,(C_2,C_3)),A_1));': 0.0, '(((B_1,C_2),A_1),((B_2,(C_1,C_3)),A_2));': 0.0, '(((B_1,C_2),A_2),((B_2,(C_1,C_3)),A_1));': 0.0, '(((B_1,C_3),A_1),((B_2,(C_1,C_2)),A_2));': 0.0, '(((B_1,C_3),A_2),((B_2,(C_1,C_2)),A_1));': 0.0, '(((B_2,C_1),A_1),((B_1,(C_2,C_3)),A_2));': 0.0, '(((B_2,C_1),A_2),((B_1,(C_2,C_3)),A_1));': 0.0, '(((B_2,C_2),A_1),((B_1,(C_1,C_3)),A_2));': 0.0, '(((B_2,C_2),A_2),((B_1,(C_1,C_3)),A_1));': 1.0, '(((B_2,C_3),A_1),((B_1,(C_1,C_2)),A_2));': 0.0, '(((B_2,C_3),A_2),((B_1,(C_1,C_2)),A_1));': 0.0}"
221,"(C_2:3.4687670751434627,(A_1:2.5294031943681294,(C_1:1.3361101142881737,B_1:1.3361101142881737):1.1932930800799555):0.9393638807753333):0.0;","(C_2,(A_1,(C_1,B_1)));",0,0,111171318.0,"{'(C_1,(A_1,(C_2,B_1)));': 0.0, '(C_2,(A_1,(C_1,B_1)));': 1.0}"
222,"((A_1:2.8147043828607217,C_1:2.8147043828607217):0.8081311458856331,B_1:3.6228355287463545):0.0;","((A_1,C_1),B_1);",0,0,1115119.0,"{'((A_1,C_1),B_1);': 1.0}"
223,"((C_1:2.1074894407564506,(B_1:1.8535955864202593,(C_3:1.6129973229188044,(C_4:0.41731106533125084,(C_5:0.23502983308969502,C_2:0.23502983308969502):0.18228123224155582):1.1956862575875535):0.24059826350145497):0.25389385433619127):0.6339337746500067,A_1:2.7414232154064573):0.0;","((C_1,(B_1,(C_3,(C_4,(C_2,C_5))))),A_1);",0,0,1111112391011114.0,"{'((C_1,(B_1,(C_2,(C_3,(C_4,C_5))))),A_1);': 0.0, '((C_1,(B_1,(C_2,(C_4,(C_3,C_5))))),A_1);': 0.0, '((C_1,(B_1,(C_2,(C_5,(C_3,C_4))))),A_1);': 0.0, '((C_1,(B_1,(C_3,(C_2,(C_4,C_5))))),A_1);': 0.0, '((C_1,(B_1,(C_3,(C_4,(C_2,C_5))))),A_1);': 1.0, '((C_1,(B_1,(C_3,(C_5,(C_2,C_4))))),A_1);': 0.0, '((C_1,(B_1,(C_4,(C_2,(C_3,C_5))))),A_1);': 0.0, '((C_1,(B_1,(C_4,(C_3,(C_2,C_5))))),A_1);': 0.0, '((C_1,(B_1,(C_4,(C_5,(C_2,C_3))))),A_1);': 0.0, '((C_1,(B_1,(C_5,(C_2,(C_3,C_4))))),A_1);': 0.0, '((C_1,(B_1,(C_5,(C_3,(C_2,C_4))))),A_1);': 0.0, '((C_1,(B_1,(C_5,(C_4,(C_2,C_3))))),A_1);': 0.0, '((C_2,(B_1,(C_1,(C_3,(C_4,C_5))))),A_1);': 0.0, '((C_2,(B_1,(C_1,(C_4,(C_3,C_5))))),A_1);': 0.0, '((C_2,(B_1,(C_1,(C_5,(C_3,C_4))))),A_1);': 0.0, '((C_2,(B_1,(C_3,(C_1,(C_4,C_5))))),A_1);': 0.0, '((C_2,(B_1,(C_3,(C_4,(C_1,C_5))))),A_1);': 0.0, '((C_2,(B_1,(C_3,(C_5,(C_1,C_4))))),A_1);': 0.0, '((C_2,(B_1,(C_4,(C_1,(C_3,C_5))))),A_1);': 0.0, '((C_2,(B_1,(C_4,(C_3,(C_1,C_5))))),A_1);': 0.0, '((C_2,(B_1,(C_4,(C_5,(C_1,C_3))))),A_1);': 0.0, '((C_2,(B_1,(C_5,(C_1,(C_3,C_4))))),A_1);': 0.0, '((C_2,(B_1,(C_5,(C_3,(C_1,C_4))))),A_1);': 0.0, '((C_2,(B_1,(C_5,(C_4,(C_1,C_3))))),A_1);': 0.0, '((C_3,(B_1,(C_1,(C_2,(C_4,C_5))))),A_1);': 0.0, '((C_3,(B_1,(C_1,(C_4,(C_2,C_5))))),A_1);': 0.0, '((C_3,(B_1,(C_1,(C_5,(C_2,C_4))))),A_1);': 0.0, '((C_3,(B_1,(C_2,(C_1,(C_4,C_5))))),A_1);': 0.0, '((C_3,(B_1,(C_2,(C_4,(C_1,C_5))))),A_1);': 0.0, '((C_3,(B_1,(C_2,(C_5,(C_1,C_4))))),A_1);': 0.0, '((C_3,(B_1,(C_4,(C_1,(C_2,C_5))))),A_1);': 0.0, '((C_3,(B_1,(C_4,(C_2,(C_1,C_5))))),A_1);': 0.0, '((C_3,(B_1,(C_4,(C_5,(C_1,C_2))))),A_1);': 0.0, '((C_3,(B_1,(C_5,(C_1,(C_2,C_4))))),A_1);': 0.0, '((C_3,(B_1,(C_5,(C_2,(C_1,C_4))))),A_1);': 0.0, '((C_3,(B_1,(C_5,(C_4,(C_1,C_2))))),A_1);': 0.0, '((C_4,(B_1,(C_1,(C_2,(C_3,C_5))))),A_1);': 0.0, '((C_4,(B_1,(C_1,(C_3,(C_2,C_5))))),A_1);': 0.0, '((C_4,(B_1,(C_1,(C_5,(C_2,C_3))))),A_1);': 0.0, '((C_4,(B_1,(C_2,(C_1,(C_3,C_5))))),A_1);': 0.0, '((C_4,(B_1,(C_2,(C_3,(C_1,C_5))))),A_1);': 0.0, '((C_4,(B_1,(C_2,(C_5,(C_1,C_3))))),A_1);': 0.0, '((C_4,(B_1,(C_3,(C_1,(C_2,C_5))))),A_1);': 0.0, '((C_4,(B_1,(C_3,(C_2,(C_1,C_5))))),A_1);': 0.0, '((C_4,(B_1,(C_3,(C_5,(C_1,C_2))))),A_1);': 0.0, '((C_4,(B_1,(C_5,(C_1,(C_2,C_3))))),A_1);': 0.0, '((C_4,(B_1,(C_5,(C_2,(C_1,C_3))))),A_1);': 0.0, '((C_4,(B_1,(C_5,(C_3,(C_1,C_2))))),A_1);': 0.0, '((C_5,(B_1,(C_1,(C_2,(C_3,C_4))))),A_1);': 0.0, '((C_5,(B_1,(C_1,(C_3,(C_2,C_4))))),A_1);': 0.0, '((C_5,(B_1,(C_1,(C_4,(C_2,C_3))))),A_1);': 0.0, '((C_5,(B_1,(C_2,(C_1,(C_3,C_4))))),A_1);': 0.0, '((C_5,(B_1,(C_2,(C_3,(C_1,C_4))))),A_1);': 0.0, '((C_5,(B_1,(C_2,(C_4,(C_1,C_3))))),A_1);': 0.0, '((C_5,(B_1,(C_3,(C_1,(C_2,C_4))))),A_1);': 0.0, '((C_5,(B_1,(C_3,(C_2,(C_1,C_4))))),A_1);': 0.0, '((C_5,(B_1,(C_3,(C_4,(C_1,C_2))))),A_1);': 0.0, '((C_5,(B_1,(C_4,(C_1,(C_2,C_3))))),A_1);': 0.0, '((C_5,(B_1,(C_4,(C_2,(C_1,C_3))))),A_1);': 0.0, '((C_5,(B_1,(C_4,(C_3,(C_1,C_2))))),A_1);': 0.0}"
224,"((A_1:2.069651769458703,C_1:2.069651769458703):0.3166601485160515,B_1:2.3863119179747545):0.0;","((A_1,C_1),B_1);",0,0,1111112.0,"{'((A_1,C_1),B_1);': 0.6, '((A_1,C_4),B_1);': 0.2, '((A_4,C_4),B_4);': 0.2}"
225,"((C_1:1.7314998788034806,B_1:1.7314998788034806):1.673569411538337,(((C_2:1.0737228683147892,B_2:1.0737228683147892):0.20548062266072334,(B_3:1.2234676399638862,C_3:1.2234676399638862):0.05573585101162637):0.9583194422823793,A_1:2.2375229332578916):1.1675463570839257):0.0;","((C_1,B_1),(((C_2,B_2),(B_3,C_3)),A_1));",0,0,119116117711212.0,"{'((C_1,B_1),(((C_2,B_2),(B_3,C_3)),A_1));': 1.0, '((C_1,B_1),(((C_2,B_3),(B_2,C_3)),A_1));': 0.0, '((C_1,B_2),(((C_2,B_1),(B_3,C_3)),A_1));': 0.0, '((C_1,B_2),(((C_2,B_3),(B_1,C_3)),A_1));': 0.0, '((C_1,B_3),(((C_2,B_1),(B_2,C_3)),A_1));': 0.0, '((C_1,B_3),(((C_2,B_2),(B_1,C_3)),A_1));': 0.0, '((C_2,B_1),(((C_1,B_2),(B_3,C_3)),A_1));': 0.0, '((C_2,B_1),(((C_1,B_3),(B_2,C_3)),A_1));': 0.0, '((C_2,B_2),(((C_1,B_1),(B_3,C_3)),A_1));': 0.0, '((C_2,B_2),(((C_1,B_3),(B_1,C_3)),A_1));': 0.0, '((C_2,B_3),(((C_1,B_1),(B_2,C_3)),A_1));': 0.0, '((C_2,B_3),(((C_1,B_2),(B_1,C_3)),A_1));': 0.0, '((C_3,B_1),(((C_1,B_2),(B_3,C_2)),A_1));': 0.0, '((C_3,B_1),(((C_1,B_3),(B_2,C_2)),A_1));': 0.0, '((C_3,B_2),(((C_1,B_1),(B_3,C_2)),A_1));': 0.0, '((C_3,B_2),(((C_1,B_3),(B_1,C_2)),A_1));': 0.0, '((C_3,B_3),(((C_1,B_1),(B_2,C_2)),A_1));': 0.0, '((C_3,B_3),(((C_1,B_2),(B_1,C_2)),A_1));': 0.0}"
226,"((C_1:2.436113025884161,(A_1:0.934721169646404,(A_3:0.9337451996629536,A_2:0.9337451996629536):0.0009759699834503976):1.5013918562377568):0.5817518361839031,B_1:3.017864862068064):0.0;","((C_1,(A_1,(A_2,A_3))),B_1);",0,0,11115513116.0,"{'((C_1,(A_1,(A_2,A_3))),B_1);': 1.0, '((C_1,(A_2,(A_1,A_3))),B_1);': 0.0, '((C_1,(A_3,(A_1,A_2))),B_1);': 0.0}"
227,"((C_1:1.5828132562327364,B_1:1.5828132562327364):1.3912483028121871,A_1:2.9740615590449235):0.0;","((C_1,B_1),A_1);",0,0,118115.0,"{'((C_1,B_1),A_1);': 1.0}"
228,"((B_1:2.2528284278847943,A_1:2.2528284278847943):0.27909281791770313,C_1:2.5319212458024976):0.0;","((B_1,A_1),C_1);",0,0,1112113.0,"{'((B_1,A_1),C_1);': 1.0}"
229,"(A_1:2.405424141558671,(B_1:1.0334008938286745,C_1:1.0334008938286745):1.3720232477299963):0.0;","(A_1,(B_1,C_1));",0,0,111613.0,"{'(A_1,(B_1,C_1));': 1.0}"
230,"((B_1:1.5738420057990163,C_1:1.5738420057990163):1.4983677360662966,A_1:3.072209741865313):0.0;","((B_1,C_1),A_1);",0,0,118116.0,"{'((B_1,C_1),A_1);': 1.0}"
231,"((B_1:1.0506876363560365,C_1:1.0506876363560365):1.064374940261098,(A_2:1.2486214195232246,(A_3:0.8239804443657472,A_1:0.8239804443657472):0.42464097515747734):0.8664411570939099):0.0;","((B_1,C_1),(A_2,(A_1,A_3)));",0,0,116111577.0,"{'((B_1,C_1),(A_1,(A_2,A_3)));': 0.0, '((B_1,C_1),(A_2,(A_1,A_3)));': 1.0, '((B_1,C_1),(A_3,(A_1,A_2)));': 0.0}"
232,"((B_1:2.2222060779714337,C_1:2.2222060779714337):0.1870193951583752,A_1:2.409225473129809):0.0;","((B_1,C_1),A_1);",0,0,1112113.0,"{'((B_1,C_1),A_1);': 1.0}"
233,"(A_1:2.287715900557017,(B_2:1.7488363562227927,(C_1:1.3535028126595599,B_1:1.3535028126595599):0.3953335435632328):0.5388795443342242):0.0;","(A_1,(B_2,(C_1,B_1)));",0,0,11117912.0,"{'(A_1,(B_1,(C_1,B_2)));': 0.0, '(A_1,(B_2,(C_1,B_1)));': 1.0}"
234,"((C_1:1.1429857762503188,(B_2:0.3698586807460924,B_1:0.3698586807460924):0.7731270955042264):0.9804498908959093,A_1:2.1234356671462282):0.0;","((C_1,(B_1,B_2)),A_1);",0,0,11126111.0,"{'((C_1,(B_1,B_2)),A_1);': 1.0}"
235,"(A_1:2.934877416337881,(B_1:1.432881891982341,C_1:1.432881891982341):1.5019955243555398):0.0;","(A_1,(B_1,C_1));",0,0,111815.0,"{'(A_1,(B_1,C_1));': 1.0}"
236,"(A_1:2.3046332507313623,(B_1:1.3579175340807255,C_1:1.3579175340807255):0.9467157166506368):0.0;","(A_1,(B_1,C_1));",0,0,111712.0,"{'(A_1,(B_1,C_1));': 1.0}"
237,"(A_1:2.1186848711754145,(C_1:1.9162914391070154,(B_2:0.5115124732018596,(B_3:0.3408073288670475,(B_4:0.26618244123331003,B_1:0.26618244123331003):0.07462488763373748):0.17070514433481204):1.4047789659051557):0.20239343206839913):0.0;","(A_1,(C_1,(B_2,(B_3,(B_1,B_4)))));",0,0,1111112231011.0,"{'(A_1,(C_1,(B_1,(B_2,(B_3,B_4)))));': 0.0, '(A_1,(C_1,(B_1,(B_3,(B_2,B_4)))));': 0.0, '(A_1,(C_1,(B_1,(B_4,(B_2,B_3)))));': 0.0, '(A_1,(C_1,(B_2,(B_1,(B_3,B_4)))));': 0.0, '(A_1,(C_1,(B_2,(B_3,(B_1,B_4)))));': 1.0, '(A_1,(C_1,(B_2,(B_4,(B_1,B_3)))));': 0.0, '(A_1,(C_1,(B_3,(B_1,(B_2,B_4)))));': 0.0, '(A_1,(C_1,(B_3,(B_2,(B_1,B_4)))));': 0.0, '(A_1,(C_1,(B_3,(B_4,(B_1,B_2)))));': 0.0, '(A_1,(C_1,(B_4,(B_1,(B_2,B_3)))));': 0.0, '(A_1,(C_1,(B_4,(B_2,(B_1,B_3)))));': 0.0, '(A_1,(C_1,(B_4,(B_3,(B_1,B_2)))));': 0.0}"
238,"(C_1:2.3791826009140444,(A_1:2.140664991438012,B_1:2.140664991438012):0.23851760947603265):0.0;","(C_1,(A_1,B_1));",0,0,1111112.0,"{'(C_1,(A_1,B_1));': 1.0}"
239,"((B_1:2.0275120267940734,(C_3:1.7656081071514071,(C_2:1.4269050038642936,C_1:1.4269050038642936):0.3387031032871135):0.26190391964266624):0.2946956344014126,(C_4:2.1489179801361833,A_1:2.1489179801361833):0.17328968105930276):0.0;","((B_1,(C_3,(C_1,C_2))),(C_4,A_1));",0,0,11118911111111.0,"{'((B_1,(C_1,(C_2,C_3))),(C_4,A_1));': 0.0, '((B_1,(C_1,(C_2,C_4))),(C_3,A_1));': 0.0, '((B_1,(C_1,(C_3,C_4))),(C_2,A_1));': 0.0, '((B_1,(C_2,(C_1,C_3))),(C_4,A_1));': 0.0, '((B_1,(C_2,(C_1,C_4))),(C_3,A_1));': 0.0, '((B_1,(C_2,(C_3,C_4))),(C_1,A_1));': 0.0, '((B_1,(C_3,(C_1,C_2))),(C_4,A_1));': 1.0, '((B_1,(C_3,(C_1,C_4))),(C_2,A_1));': 0.0, '((B_1,(C_3,(C_2,C_4))),(C_1,A_1));': 0.0, '((B_1,(C_4,(C_1,C_2))),(C_3,A_1));': 0.0, '((B_1,(C_4,(C_1,C_3))),(C_2,A_1));': 0.0, '((B_1,(C_4,(C_2,C_3))),(C_1,A_1));': 0.0}"
240,"((B_1:1.5372346170526057,C_1:1.5372346170526057):0.9317077524712207,(A_2:0.8404422721525366,A_1:0.8404422721525366):1.6285000973712898):0.0;","((B_1,C_1),(A_1,A_2));",0,0,1181158.0,"{'((B_1,C_1),(A_1,A_2));': 1.0}"
241,"(A_1:2.823146083806636,(C_1:1.4428965347546145,B_1:1.4428965347546145):1.380249549052021):0.0;","(A_1,(C_1,B_1));",0,0,111815.0,"{'(A_1,(C_1,B_1));': 1.0}"
242,"(A_1:2.4217416548253503,(C_1:1.2499963429710295,B_1:1.2499963429710295):1.171745311854321):0.0;","(A_1,(C_1,B_1));",0,0,111713.0,"{'(A_1,(C_1,B_1));': 1.0}"
243,"(A_2:2.8523606615882513,((C_1:2.028267553919062,B_1:2.028267553919062):0.04087111303031243,A_1:2.0691386669493745):0.7832219946388768):0.0;","(A_2,((C_1,B_1),A_1));",0,0,1111111115.0,"{'(A_1,((C_1,B_1),A_2));': 0.0, '(A_2,((C_1,B_1),A_1));': 1.0}"
244,"((B_1:2.0694590920909177,C_1:2.0694590920909177):1.051234746293129,(A_1:2.9325485248624616,(B_3:1.8912639143191636,(B_2:1.0546547732962703,C_2:1.0546547732962703):0.8366091410228933):1.041284610543298):0.18814531352158514):0.0;","((B_1,C_1),(A_1,(B_3,(B_2,C_2))));",0,0,111111116101515.0,"{'((B_1,C_1),(A_1,(B_2,(B_3,C_2))));': 0.0, '((B_1,C_1),(A_1,(B_3,(B_2,C_2))));': 1.0, '((B_1,C_2),(A_1,(B_2,(B_3,C_1))));': 0.0, '((B_1,C_2),(A_1,(B_3,(B_2,C_1))));': 0.0, '((B_2,C_1),(A_1,(B_1,(B_3,C_2))));': 0.0, '((B_2,C_1),(A_1,(B_3,(B_1,C_2))));': 0.0, '((B_2,C_2),(A_1,(B_1,(B_3,C_1))));': 0.0, '((B_2,C_2),(A_1,(B_3,(B_1,C_1))));': 0.0, '((B_3,C_1),(A_1,(B_1,(B_2,C_2))));': 0.0, '((B_3,C_1),(A_1,(B_2,(B_1,C_2))));': 0.0, '((B_3,C_2),(A_1,(B_1,(B_2,C_1))));': 0.0, '((B_3,C_2),(A_1,(B_2,(B_1,C_1))));': 0.0}"
245,"(C_1:2.6724666728964594,(A_2:2.120159633527688,(A_1:2.044377835096695,B_1:2.044377835096695):0.07578179843099342):0.5523070393687715):0.0;","(C_1,(A_2,(A_1,B_1)));",0,0,1111111114.0,"{'(C_1,(A_1,(A_2,B_1)));': 0.0, '(C_1,(A_2,(A_1,B_1)));': 1.0}"
246,"((A_1:3.748408489833232,(A_5:2.903484934494539,(C_1:1.9490644772102397,B_1:1.9490644772102397):0.9544204572842991):0.8449235553386938):0.2653819713297261,(A_4:1.9349609911954755,(A_2:0.9046470495989682,A_3:0.9046470495989682):1.0303139415965072):2.0788294699674834):0.0;","((A_1,(A_5,(C_1,B_1))),(A_4,(A_2,A_3)));",0,0,1.1111015191115102e+17,"{'((A_1,(A_2,(C_1,B_1))),(A_3,(A_4,A_5)));': 0.0, '((A_1,(A_2,(C_1,B_1))),(A_4,(A_3,A_5)));': 0.0, '((A_1,(A_2,(C_1,B_1))),(A_5,(A_3,A_4)));': 0.0, '((A_1,(A_3,(C_1,B_1))),(A_2,(A_4,A_5)));': 0.0, '((A_1,(A_3,(C_1,B_1))),(A_4,(A_2,A_5)));': 0.0, '((A_1,(A_3,(C_1,B_1))),(A_5,(A_2,A_4)));': 0.0, '((A_1,(A_4,(C_1,B_1))),(A_2,(A_3,A_5)));': 0.0, '((A_1,(A_4,(C_1,B_1))),(A_3,(A_2,A_5)));': 0.0, '((A_1,(A_4,(C_1,B_1))),(A_5,(A_2,A_3)));': 0.0, '((A_1,(A_5,(C_1,B_1))),(A_2,(A_3,A_4)));': 0.0, '((A_1,(A_5,(C_1,B_1))),(A_3,(A_2,A_4)));': 0.0, '((A_1,(A_5,(C_1,B_1))),(A_4,(A_2,A_3)));': 1.0, '((A_2,(A_1,(C_1,B_1))),(A_3,(A_4,A_5)));': 0.0, '((A_2,(A_1,(C_1,B_1))),(A_4,(A_3,A_5)));': 0.0, '((A_2,(A_1,(C_1,B_1))),(A_5,(A_3,A_4)));': 0.0, '((A_2,(A_3,(C_1,B_1))),(A_1,(A_4,A_5)));': 0.0, '((A_2,(A_3,(C_1,B_1))),(A_4,(A_1,A_5)));': 0.0, '((A_2,(A_3,(C_1,B_1))),(A_5,(A_1,A_4)));': 0.0, '((A_2,(A_4,(C_1,B_1))),(A_1,(A_3,A_5)));': 0.0, '((A_2,(A_4,(C_1,B_1))),(A_3,(A_1,A_5)));': 0.0, '((A_2,(A_4,(C_1,B_1))),(A_5,(A_1,A_3)));': 0.0, '((A_2,(A_5,(C_1,B_1))),(A_1,(A_3,A_4)));': 0.0, '((A_2,(A_5,(C_1,B_1))),(A_3,(A_1,A_4)));': 0.0, '((A_2,(A_5,(C_1,B_1))),(A_4,(A_1,A_3)));': 0.0, '((A_3,(A_1,(C_1,B_1))),(A_2,(A_4,A_5)));': 0.0, '((A_3,(A_1,(C_1,B_1))),(A_4,(A_2,A_5)));': 0.0, '((A_3,(A_1,(C_1,B_1))),(A_5,(A_2,A_4)));': 0.0, '((A_3,(A_2,(C_1,B_1))),(A_1,(A_4,A_5)));': 0.0, '((A_3,(A_2,(C_1,B_1))),(A_4,(A_1,A_5)));': 0.0, '((A_3,(A_2,(C_1,B_1))),(A_5,(A_1,A_4)));': 0.0, '((A_3,(A_4,(C_1,B_1))),(A_1,(A_2,A_5)));': 0.0, '((A_3,(A_4,(C_1,B_1))),(A_2,(A_1,A_5)));': 0.0, '((A_3,(A_4,(C_1,B_1))),(A_5,(A_1,A_2)));': 0.0, '((A_3,(A_5,(C_1,B_1))),(A_1,(A_2,A_4)));': 0.0, '((A_3,(A_5,(C_1,B_1))),(A_2,(A_1,A_4)));': 0.0, '((A_3,(A_5,(C_1,B_1))),(A_4,(A_1,A_2)));': 0.0, '((A_4,(A_1,(C_1,B_1))),(A_2,(A_3,A_5)));': 0.0, '((A_4,(A_1,(C_1,B_1))),(A_3,(A_2,A_5)));': 0.0, '((A_4,(A_1,(C_1,B_1))),(A_5,(A_2,A_3)));': 0.0, '((A_4,(A_2,(C_1,B_1))),(A_1,(A_3,A_5)));': 0.0, '((A_4,(A_2,(C_1,B_1))),(A_3,(A_1,A_5)));': 0.0, '((A_4,(A_2,(C_1,B_1))),(A_5,(A_1,A_3)));': 0.0, '((A_4,(A_3,(C_1,B_1))),(A_1,(A_2,A_5)));': 0.0, '((A_4,(A_3,(C_1,B_1))),(A_2,(A_1,A_5)));': 0.0, '((A_4,(A_3,(C_1,B_1))),(A_5,(A_1,A_2)));': 0.0, '((A_4,(A_5,(C_1,B_1))),(A_1,(A_2,A_3)));': 0.0, '((A_4,(A_5,(C_1,B_1))),(A_2,(A_1,A_3)));': 0.0, '((A_4,(A_5,(C_1,B_1))),(A_3,(A_1,A_2)));': 0.0, '((A_5,(A_1,(C_1,B_1))),(A_2,(A_3,A_4)));': 0.0, '((A_5,(A_1,(C_1,B_1))),(A_3,(A_2,A_4)));': 0.0, '((A_5,(A_1,(C_1,B_1))),(A_4,(A_2,A_3)));': 0.0, '((A_5,(A_2,(C_1,B_1))),(A_1,(A_3,A_4)));': 0.0, '((A_5,(A_2,(C_1,B_1))),(A_3,(A_1,A_4)));': 0.0, '((A_5,(A_2,(C_1,B_1))),(A_4,(A_1,A_3)));': 0.0, '((A_5,(A_3,(C_1,B_1))),(A_1,(A_2,A_4)));': 0.0, '((A_5,(A_3,(C_1,B_1))),(A_2,(A_1,A_4)));': 0.0, '((A_5,(A_3,(C_1,B_1))),(A_4,(A_1,A_2)));': 0.0, '((A_5,(A_4,(C_1,B_1))),(A_1,(A_2,A_3)));': 0.0, '((A_5,(A_4,(C_1,B_1))),(A_2,(A_1,A_3)));': 0.0, '((A_5,(A_4,(C_1,B_1))),(A_3,(A_1,A_2)));': 0.0}"
247,"(A_1:3.4473982552693236,(C_2:1.5231146025819364,(B_1:1.3659529745391414,C_1:1.3659529745391414):0.157161628042795):1.9242836526873872):0.0;","(A_1,(C_2,(B_1,C_1)));",0,0,11117818.0,"{'(A_1,(C_1,(B_1,C_2)));': 0.0, '(A_1,(C_2,(B_1,C_1)));': 1.0}"
248,"((C_1:1.2338500834052262,B_1:1.2338500834052262):2.7118993611396,(C_3:2.576633247911105,(C_2:2.175400160760383,A_1:2.175400160760383):0.40123308715072215):1.3691161966337209):0.0;","((C_1,B_1),(C_3,(C_2,A_1)));",0,0,117111111313.0,"{'((C_1,B_1),(C_2,(C_3,A_1)));': 0.0, '((C_1,B_1),(C_3,(C_2,A_1)));': 1.0, '((C_2,B_1),(C_1,(C_3,A_1)));': 0.0, '((C_2,B_1),(C_3,(C_1,A_1)));': 0.0, '((C_3,B_1),(C_1,(C_2,A_1)));': 0.0, '((C_3,B_1),(C_2,(C_1,A_1)));': 0.0}"
249,"((A_2:1.5321011932737558,(A_3:0.7431908760269387,A_4:0.7431908760269387):0.7889103172468171):1.5320983508633486,(C_1:2.1485755779240874,(B_1:2.108299938282342,(A_5:1.1461365914410804,A_1:1.1461365914410804):0.9621633468412618):0.040275639641745374):0.9156239662130172):0.0;","((A_2,(A_3,A_4)),(C_1,(B_1,(A_1,A_5))));",0,0,1114811116111111.0,"{'((A_1,(A_2,A_3)),(C_1,(B_1,(A_4,A_5))));': 0.0, '((A_1,(A_2,A_4)),(C_1,(B_1,(A_3,A_5))));': 0.0, '((A_1,(A_2,A_5)),(C_1,(B_1,(A_3,A_4))));': 0.0, '((A_1,(A_3,A_4)),(C_1,(B_1,(A_2,A_5))));': 0.0, '((A_1,(A_3,A_5)),(C_1,(B_1,(A_2,A_4))));': 0.0, '((A_1,(A_4,A_5)),(C_1,(B_1,(A_2,A_3))));': 0.0, '((A_2,(A_1,A_3)),(C_1,(B_1,(A_4,A_5))));': 0.0, '((A_2,(A_1,A_4)),(C_1,(B_1,(A_3,A_5))));': 0.0, '((A_2,(A_1,A_5)),(C_1,(B_1,(A_3,A_4))));': 0.0, '((A_2,(A_3,A_4)),(C_1,(B_1,(A_1,A_5))));': 1.0, '((A_2,(A_3,A_5)),(C_1,(B_1,(A_1,A_4))));': 0.0, '((A_2,(A_4,A_5)),(C_1,(B_1,(A_1,A_3))));': 0.0, '((A_3,(A_1,A_2)),(C_1,(B_1,(A_4,A_5))));': 0.0, '((A_3,(A_1,A_4)),(C_1,(B_1,(A_2,A_5))));': 0.0, '((A_3,(A_1,A_5)),(C_1,(B_1,(A_2,A_4))));': 0.0, '((A_3,(A_2,A_4)),(C_1,(B_1,(A_1,A_5))));': 0.0, '((A_3,(A_2,A_5)),(C_1,(B_1,(A_1,A_4))));': 0.0, '((A_3,(A_4,A_5)),(C_1,(B_1,(A_1,A_2))));': 0.0, '((A_4,(A_1,A_2)),(C_1,(B_1,(A_3,A_5))));': 0.0, '((A_4,(A_1,A_3)),(C_1,(B_1,(A_2,A_5))));': 0.0, '((A_4,(A_1,A_5)),(C_1,(B_1,(A_2,A_3))));': 0.0, '((A_4,(A_2,A_3)),(C_1,(B_1,(A_1,A_5))));': 0.0, '((A_4,(A_2,A_5)),(C_1,(B_1,(A_1,A_3))));': 0.0, '((A_4,(A_3,A_5)),(C_1,(B_1,(A_1,A_2))));': 0.0, '((A_5,(A_1,A_2)),(C_1,(B_1,(A_3,A_4))));': 0.0, '((A_5,(A_1,A_3)),(C_1,(B_1,(A_2,A_4))));': 0.0, '((A_5,(A_1,A_4)),(C_1,(B_1,(A_2,A_3))));': 0.0, '((A_5,(A_2,A_3)),(C_1,(B_1,(A_1,A_4))));': 0.0, '((A_5,(A_2,A_4)),(C_1,(B_1,(A_1,A_3))));': 0.0, '((A_5,(A_3,A_4)),(C_1,(B_1,(A_1,A_2))));': 0.0}"
250,"(A_1:3.152653686560174,(C_1:2.295445973764659,B_1:2.295445973764659):0.8572077127955149):0.0;","(A_1,(C_1,B_1));",0,0,1111216.0,"{'(A_1,(C_1,B_1));': 1.0}"
251,"((B_2:1.194303399955507,(C_3:0.4266570066679417,C_2:0.4266570066679417):0.7676463932875653):2.0022916379439026,((A_1:2.06334093341692,C_1:2.06334093341692):0.020503412002905667,B_1:2.0838443454198257):1.112750692479584):0.0;","((B_2,(C_2,C_3)),((A_1,C_1),B_1));",0,0,11136111111111.0,"{'((B_1,(C_1,C_2)),((A_1,C_3),B_2));': 0.0, '((B_1,(C_1,C_3)),((A_1,C_2),B_2));': 0.0, '((B_1,(C_2,C_3)),((A_1,C_1),B_2));': 0.0, '((B_2,(C_1,C_2)),((A_1,C_3),B_1));': 0.0, '((B_2,(C_1,C_3)),((A_1,C_2),B_1));': 0.0, '((B_2,(C_2,C_3)),((A_1,C_1),B_1));': 1.0}"
252,"(A_1:2.5543743874239775,(B_1:1.6654688933416972,C_1:1.6654688933416972):0.8889054940822801):0.0;","(A_1,(B_1,C_1));",0,0,111913.0,"{'(A_1,(B_1,C_1));': 1.0}"
253,"(A_1:2.6028276319600345,(C_1:1.326624518488293,B_1:1.326624518488293):1.2762031134717415):0.0;","(A_1,(C_1,B_1));",0,0,111714.0,"{'(A_1,(C_1,B_1));': 1.0}"
254,"((C_1:1.4147993691069352,B_1:1.4147993691069352):1.1660015299862776,A_1:2.5808008990932128):0.0;","((C_1,B_1),A_1);",0,0,118113.0,"{'((C_1,B_1),A_1);': 1.0}"
255,"((B_1:1.4293957348604591,C_1:1.4293957348604591):0.6718260440439682,A_1:2.1012217789044274):0.0;","((B_1,C_1),A_1);",0,0,118111.0,"{'((B_1,C_1),A_1);': 1.0}"
256,"(A_1:2.2275561011682496,(B_1:2.105618733487853,C_1:2.105618733487853):0.1219373676803968):0.0;","(A_1,(B_1,C_1));",0,0,1111112.0,"{'(A_1,(B_1,C_1));': 0.6666666666666666, '(A_6,(B_4,C_4));': 0.3333333333333333}"
257,"((A_1:2.0398935587030333,B_1:2.0398935587030333):0.48329038993718876,(C_2:2.18399004383298,C_1:2.18399004383298):0.3391939048072419):0.0;","((A_1,B_1),(C_1,C_2));",0,0,1111111111.0,"{'((A_1,B_1),(C_1,C_2));': 1.0}"
258,"((A_1:2.055233072867399,B_1:2.055233072867399):2.94698076667375,C_1:5.002213839541149):0.0;","((A_1,B_1),C_1);",0,0,1111126.0,"{'((A_1,B_1),C_1);': 1.0}"
259,"(A_1:2.6430715783526,(B_1:1.0239971082024382,C_1:1.0239971082024382):1.619074470150162):0.0;","(A_1,(B_1,C_1));",0,0,111614.0,"{'(A_1,(B_1,C_1));': 1.0}"
260,"((C_1:1.3101946490944087,(B_2:0.5245603236066405,B_1:0.5245603236066405):0.7856343254877682):2.3487951417282,A_1:3.6589897908226083):0.0;","((C_1,(B_1,B_2)),A_1);",0,0,11137119.0,"{'((C_1,(B_1,B_2)),A_1);': 1.0}"
261,"((C_1:1.1119445317635737,B_1:1.1119445317635737):2.277401577226038,A_1:3.3893461089896117):0.0;","((C_1,B_1),A_1);",0,0,116117.0,"{'((C_1,B_1),A_1);': 1.0}"
262,"((B_3:1.160572533750586,C_3:1.160572533750586):3.580309419916403,((C_2:1.1717852546840584,B_2:1.1717852546840584):2.368552720233588,(A_1:2.9176218150215365,(C_1:1.3721839307785009,B_1:1.3721839307785009):1.5454378842430359):0.6227161598961093):1.2005439787493426):0.0;","((B_3,C_3),((C_2,B_2),(A_1,(C_1,B_1))));",0,0,1161161117151515.0,"{'((B_1,C_1),((C_2,B_2),(A_1,(C_3,B_3))));': 0.0, '((B_1,C_1),((C_2,B_3),(A_1,(C_3,B_2))));': 0.0, '((B_1,C_1),((C_3,B_2),(A_1,(C_2,B_3))));': 0.0, '((B_1,C_1),((C_3,B_3),(A_1,(C_2,B_2))));': 0.0, '((B_1,C_2),((C_1,B_2),(A_1,(C_3,B_3))));': 0.0, '((B_1,C_2),((C_1,B_3),(A_1,(C_3,B_2))));': 0.0, '((B_1,C_2),((C_3,B_2),(A_1,(C_1,B_3))));': 0.0, '((B_1,C_2),((C_3,B_3),(A_1,(C_1,B_2))));': 0.0, '((B_1,C_3),((C_1,B_2),(A_1,(C_2,B_3))));': 0.0, '((B_1,C_3),((C_1,B_3),(A_1,(C_2,B_2))));': 0.0, '((B_1,C_3),((C_2,B_2),(A_1,(C_1,B_3))));': 0.0, '((B_1,C_3),((C_2,B_3),(A_1,(C_1,B_2))));': 0.0, '((B_2,C_1),((C_2,B_1),(A_1,(C_3,B_3))));': 0.0, '((B_2,C_1),((C_2,B_3),(A_1,(C_3,B_1))));': 0.0, '((B_2,C_1),((C_3,B_1),(A_1,(C_2,B_3))));': 0.0, '((B_2,C_1),((C_3,B_3),(A_1,(C_2,B_1))));': 0.0, '((B_2,C_2),((C_1,B_1),(A_1,(C_3,B_3))));': 0.0, '((B_2,C_2),((C_1,B_3),(A_1,(C_3,B_1))));': 0.0, '((B_2,C_2),((C_3,B_1),(A_1,(C_1,B_3))));': 0.0, '((B_2,C_2),((C_3,B_3),(A_1,(C_1,B_1))));': 0.0, '((B_2,C_3),((C_1,B_1),(A_1,(C_2,B_3))));': 0.0, '((B_2,C_3),((C_1,B_3),(A_1,(C_2,B_1))));': 0.0, '((B_2,C_3),((C_2,B_1),(A_1,(C_1,B_3))));': 0.0, '((B_2,C_3),((C_2,B_3),(A_1,(C_1,B_1))));': 0.0, '((B_3,C_1),((C_2,B_1),(A_1,(C_3,B_2))));': 0.0, '((B_3,C_1),((C_2,B_2),(A_1,(C_3,B_1))));': 0.0, '((B_3,C_1),((C_3,B_1),(A_1,(C_2,B_2))));': 0.0, '((B_3,C_1),((C_3,B_2),(A_1,(C_2,B_1))));': 0.0, '((B_3,C_2),((C_1,B_1),(A_1,(C_3,B_2))));': 0.0, '((B_3,C_2),((C_1,B_2),(A_1,(C_3,B_1))));': 0.0, '((B_3,C_2),((C_3,B_1),(A_1,(C_1,B_2))));': 0.0, '((B_3,C_2),((C_3,B_2),(A_1,(C_1,B_1))));': 0.0, '((B_3,C_3),((C_1,B_1),(A_1,(C_2,B_2))));': 0.0, '((B_3,C_3),((C_1,B_2),(A_1,(C_2,B_1))));': 0.0, '((B_3,C_3),((C_2,B_1),(A_1,(C_1,B_2))));': 0.0, '((B_3,C_3),((C_2,B_2),(A_1,(C_1,B_1))));': 1.0}"
263,"((B_2:1.842216522223558,(C_3:1.5937842761861705,C_2:1.5937842761861705):0.24843224603738756):1.2801056672483024,((C_1:1.087228361940062,B_1:1.087228361940062):1.9735068576803623,A_1:3.0607352196204243):0.06158696985143619):0.0;","((B_2,(C_2,C_3)),((C_1,B_1),A_1));",0,0,11181011611616.0,"{'((B_1,(C_1,C_2)),((C_3,B_2),A_1));': 0.0, '((B_1,(C_1,C_3)),((C_2,B_2),A_1));': 0.0, '((B_1,(C_2,C_3)),((C_1,B_2),A_1));': 0.0, '((B_2,(C_1,C_2)),((C_3,B_1),A_1));': 0.0, '((B_2,(C_1,C_3)),((C_2,B_1),A_1));': 0.0, '((B_2,(C_2,C_3)),((C_1,B_1),A_1));': 1.0}"
264,"((C_1:1.2561823378992736,B_1:1.2561823378992736):2.135267171372043,A_1:3.3914495092713164):0.0;","((C_1,B_1),A_1);",0,0,117117.0,"{'((C_1,B_1),A_1);': 1.0}"
265,"((B_2:1.0543258811474399,C_2:1.0543258811474399):2.0368984627821334,(C_3:2.9559367847710942,(A_1:2.462442325893819,(C_1:1.3159954925655235,B_1:1.3159954925655235):1.1464468333282953):0.4934944588772754):0.135287559158479):0.0;","((B_2,C_2),(C_3,(A_1,(C_1,B_1))));",0,0,11611117131515.0,"{'((B_1,C_1),(C_2,(A_1,(C_3,B_2))));': 0.0, '((B_1,C_1),(C_3,(A_1,(C_2,B_2))));': 0.0, '((B_1,C_2),(C_1,(A_1,(C_3,B_2))));': 0.0, '((B_1,C_2),(C_3,(A_1,(C_1,B_2))));': 0.0, '((B_1,C_3),(C_1,(A_1,(C_2,B_2))));': 0.0, '((B_1,C_3),(C_2,(A_1,(C_1,B_2))));': 0.0, '((B_2,C_1),(C_2,(A_1,(C_3,B_1))));': 0.0, '((B_2,C_1),(C_3,(A_1,(C_2,B_1))));': 0.0, '((B_2,C_2),(C_1,(A_1,(C_3,B_1))));': 0.0, '((B_2,C_2),(C_3,(A_1,(C_1,B_1))));': 1.0, '((B_2,C_3),(C_1,(A_1,(C_2,B_1))));': 0.0, '((B_2,C_3),(C_2,(A_1,(C_1,B_1))));': 0.0}"
266,"(B_1:2.7982510101834377,(C_1:2.4461557861964156,(A_1:2.2291005253544145,(C_3:1.088049968358497,C_2:1.088049968358497):1.1410505569959175):0.2170552608420011):0.35209522398702214):0.0;","(B_1,(C_1,(A_1,(C_2,C_3))));",0,0,111116121314.0,"{'(B_1,(C_1,(A_1,(C_2,C_3))));': 1.0, '(B_1,(C_2,(A_1,(C_1,C_3))));': 0.0, '(B_1,(C_3,(A_1,(C_1,C_2))));': 0.0}"
267,"(A_1:2.059020141159459,(B_1:1.0876463547847635,C_1:1.0876463547847635):0.9713737863746956):0.0;","(A_1,(B_1,C_1));",0,0,111611.0,"{'(A_1,(B_1,C_1));': 1.0}"
268,"((A_1:2.6316995344385643,(C_1:1.6994263668646155,B_1:1.6994263668646155):0.9322731675739487):1.7505516013584557,(B_3:0.3985430433867091,B_2:0.3985430433867091):3.983708092410311):0.0;","((A_1,(C_1,B_1)),(B_2,B_3));",0,0,11191411214.0,"{'((A_1,(C_1,B_1)),(B_2,B_3));': 1.0, '((A_1,(C_1,B_2)),(B_1,B_3));': 0.0, '((A_1,(C_1,B_3)),(B_1,B_2));': 0.0}"
269,"((B_1:1.0474379510002614,C_1:1.0474379510002614):1.743748454037302,A_1:2.791186405037563):0.0;","((B_1,C_1),A_1);",0,0,116114.0,"{'((B_1,C_1),A_1);': 1.0}"
270,"((B_1:1.9739855971136981,C_1:1.9739855971136981):1.4231478076248525,A_1:3.3971334047385504):0.0;","((B_1,C_1),A_1);",0,0,1110117.0,"{'((B_1,C_1),A_1);': 1.0}"
271,"((B_1:1.0751717451296179,C_1:1.0751717451296179):1.3726827611545334,A_1:2.447854506284151):0.0;","((B_1,C_1),A_1);",0,0,116113.0,"{'((B_1,C_1),A_1);': 1.0}"
272,"(A_1:2.5409407843314105,(C_1:1.475347490629085,(C_2:1.3182612691925588,B_1:1.3182612691925588):0.15708622143652629):1.0655932937023254):0.0;","(A_1,(C_1,(C_2,B_1)));",0,0,11117813.0,"{'(A_1,(C_1,(C_2,B_1)));': 1.0, '(A_1,(C_2,(C_1,B_1)));': 0.0}"
273,"((C_2:1.5191630825428337,B_2:1.5191630825428337):2.269231151791008,(C_1:2.7921767796347083,(B_1:2.0604283305505384,A_1:2.0604283305505384):0.7317484490841701):0.9962174546991336):0.0;","((C_2,B_2),(C_1,(B_1,A_1)));",0,0,118111111414.0,"{'((C_1,B_1),(C_2,(B_2,A_1)));': 0.0, '((C_1,B_2),(C_2,(B_1,A_1)));': 0.0, '((C_2,B_1),(C_1,(B_2,A_1)));': 0.0, '((C_2,B_2),(C_1,(B_1,A_1)));': 1.0}"
274,"((C_1:1.239512443679638,B_1:1.239512443679638):2.8033518671688418,A_1:4.04286431084848):0.0;","((C_1,B_1),A_1);",0,0,117121.0,"{'((C_1,B_1),A_1);': 1.0}"
275,"(A_1:3.5741711545897887,(C_1:1.751202176454318,B_1:1.751202176454318):1.8229689781354708):0.0;","(A_1,(C_1,B_1));",0,0,111918.0,"{'(A_1,(C_1,B_1));': 1.0}"
276,"((C_1:1.2343956993601832,B_1:1.2343956993601832):1.7719208251111394,A_1:3.0063165244713224):0.0;","((C_1,B_1),A_1);",0,0,117116.0,"{'((C_1,B_1),A_1);': 1.0}"
277,"((B_1:2.001674256515346,C_1:2.001674256515346):0.5932423264362047,(A_2:0.8160127964241137,A_1:0.8160127964241137):1.7789037865274369):0.0;","((B_1,C_1),(A_1,A_2));",0,0,111111511.0,"{'((B_1,C_1),(A_1,A_2));': 1.0}"
278,"(A_1:3.730148588380474,(B_1:1.019663679146192,C_1:1.019663679146192):2.710484909234282):0.0;","(A_1,(B_1,C_1));",0,0,111619.0,"{'(A_1,(B_1,C_1));': 1.0}"
279,"(A_1:2.673501425823809,(C_1:1.4355372351328257,B_1:1.4355372351328257):1.2379641906909833):0.0;","(A_1,(C_1,B_1));",0,0,111814.0,"{'(A_1,(C_1,B_1));': 1.0}"
280,"(B_1:2.089908279754019,(C_1:2.0176947424838096,A_1:2.0176947424838096):0.0722135372702092):0.0;","(B_1,(C_1,A_1));",0,0,1111111.0,"{'(B_1,(C_1,A_1));': 1.0}"
281,"(A_1:2.2902044076822907,(B_1:1.2870183350532811,(C_2:0.5442608840366239,C_1:0.5442608840366239):0.7427574510166572):1.0031860726290098):0.0;","(A_1,(B_1,(C_1,C_2)));",0,0,11113712.0,"{'(A_1,(B_1,(C_1,C_2)));': 1.0}"
282,"(C_4:3.9095248203785937,(A_1:2.474321874586472,(B_1:1.193365775563031,(C_2:0.786907806901287,(C_3:0.7857448026563826,C_1:0.7857448026563826):0.001163004244904453):0.4064579686617439):1.280956099023441):1.4352029457921218):0.0;","(C_4,(A_1,(B_1,(C_2,(C_1,C_3)))));",0,0,1111114461320.0,"{'(C_1,(A_1,(B_1,(C_2,(C_3,C_4)))));': 0.0, '(C_1,(A_1,(B_1,(C_3,(C_2,C_4)))));': 0.0, '(C_1,(A_1,(B_1,(C_4,(C_2,C_3)))));': 0.0, '(C_2,(A_1,(B_1,(C_1,(C_3,C_4)))));': 0.0, '(C_2,(A_1,(B_1,(C_3,(C_1,C_4)))));': 0.0, '(C_2,(A_1,(B_1,(C_4,(C_1,C_3)))));': 0.0, '(C_3,(A_1,(B_1,(C_1,(C_2,C_4)))));': 0.0, '(C_3,(A_1,(B_1,(C_2,(C_1,C_4)))));': 0.0, '(C_3,(A_1,(B_1,(C_4,(C_1,C_2)))));': 0.0, '(C_4,(A_1,(B_1,(C_1,(C_2,C_3)))));': 0.0, '(C_4,(A_1,(B_1,(C_2,(C_1,C_3)))));': 1.0, '(C_4,(A_1,(B_1,(C_3,(C_1,C_2)))));': 0.0}"
283,"((A_1:2.330129297806156,(C_1:1.0414568699691122,B_1:1.0414568699691122):1.2886724278370436):2.7693676619723204,(A_3:0.9938280663694044,A_2:0.9938280663694044):4.105668893409073):0.0;","((A_1,(C_1,B_1)),(A_2,A_3));",0,0,11161211512.0,"{'((A_1,(C_1,B_1)),(A_2,A_3));': 1.0, '((A_2,(C_1,B_1)),(A_1,A_3));': 0.0, '((A_3,(C_1,B_1)),(A_1,A_2));': 0.0}"
284,"((C_1:1.856296977806962,B_1:1.856296977806962):0.19796602090589904,A_1:2.054262998712861):0.0;","((C_1,B_1),A_1);",0,0,1110111.0,"{'((C_1,B_1),A_1);': 1.0}"
285,"(A_1:3.6577394860434764,(B_2:1.44801320675767,(C_1:1.062316020666347,(B_3:0.9849026239426767,B_1:0.9849026239426767):0.0774133967236702):0.3856971860913232):2.2097262792858063):0.0;","(A_1,(B_2,(C_1,(B_1,B_3))));",0,0,1111156819.0,"{'(A_1,(B_1,(C_1,(B_2,B_3))));': 0.0, '(A_1,(B_2,(C_1,(B_1,B_3))));': 1.0, '(A_1,(B_3,(C_1,(B_1,B_2))));': 0.0}"
286,"(B_1:2.2784724010812303,(B_2:2.112916244051021,(C_1:2.0409503931785573,A_1:2.0409503931785573):0.07196585087246365):0.16555615703020948):0.0;","(B_1,(B_2,(C_1,A_1)));",0,0,1111111112.0,"{'(B_1,(B_2,(C_1,A_1)));': 1.0, '(B_2,(B_1,(C_1,A_1)));': 0.0}"
287,"((A_1:2.24591209947878,(C_3:0.7634884957308634,C_1:0.7634884957308634):1.4824236037479166):1.8786403888390402,((C_2:1.4396482313101602,B_2:1.4396482313101602):1.4979542416358385,B_1:2.937602472945999):1.1869500153718215):0.0;","((A_1,(C_1,C_3)),((C_2,B_2),B_1));",0,0,11141211811515.0,"{'((A_1,(C_1,C_2)),((C_3,B_1),B_2));': 0.0, '((A_1,(C_1,C_2)),((C_3,B_2),B_1));': 0.0, '((A_1,(C_1,C_3)),((C_2,B_1),B_2));': 0.0, '((A_1,(C_1,C_3)),((C_2,B_2),B_1));': 1.0, '((A_1,(C_2,C_3)),((C_1,B_1),B_2));': 0.0, '((A_1,(C_2,C_3)),((C_1,B_2),B_1));': 0.0}"
288,"((B_1:1.9381964734216461,C_1:1.9381964734216461):0.8515697329151721,A_1:2.789766206336818):0.0;","((B_1,C_1),A_1);",0,0,1110114.0,"{'((B_1,C_1),A_1);': 1.0}"
289,"(B_3:2.7715165894695355,(A_1:2.2891031831194413,(B_2:1.5882480269536294,(C_1:1.0700272339943875,B_1:1.0700272339943875):0.518220792959242):0.7008551561658118):0.4824134063500942):0.0;","(B_3,(A_1,(B_2,(C_1,B_1))));",0,0,11111681214.0,"{'(B_1,(A_1,(B_2,(C_1,B_3))));': 0.0, '(B_1,(A_1,(B_3,(C_1,B_2))));': 0.0, '(B_2,(A_1,(B_1,(C_1,B_3))));': 0.0, '(B_2,(A_1,(B_3,(C_1,B_1))));': 0.0, '(B_3,(A_1,(B_1,(C_1,B_2))));': 0.0, '(B_3,(A_1,(B_2,(C_1,B_1))));': 1.0}"
290,"(B_3:5.485200100241467,((C_1:2.1011846431163224,A_1:2.1011846431163224):1.173927835056935,(B_2:0.7834758008731173,B_1:0.7834758008731173):2.49163667730014):2.21008762206821):0.0;","(B_3,((C_1,A_1),(B_1,B_2)));",0,0,111111141128.0,"{'(B_1,((C_1,A_1),(B_2,B_3)));': 0.0, '(B_2,((C_1,A_1),(B_1,B_3)));': 0.0, '(B_3,((C_1,A_1),(B_1,B_2)));': 1.0}"
291,"((C_1:1.3190952472595263,B_1:1.3190952472595263):1.0245484628465191,A_1:2.343643710106045):0.0;","((C_1,B_1),A_1);",0,0,117112.0,"{'((C_1,B_1),A_1);': 1.0}"
